Collection_Sample,gDNA_Sample,Babesia_sp,Babesia_sp_Coco,Babesia_odocoieli,Borrelia_lonestari,Cryptoplasma_sp,Cytauxozoon_felis,Ehrlichia_chaffeensis,Ehrlichia_ewingii,Ehrlichia_sp_PanolaMountain,Hepatozoon_sp_A,Hepatozoon_sp_B,Rickettsia_amblyommatis,Rickettsia_andeanae,Rickettsia_parkeri,Rickettsia_rhiphicephali,Rickettsia_sp_Iaff,Rickettsia_sp_Iscap,Theileria_cervi
AM01,AM01,0,0,0,0,0,0,0,0,0,0,0,0,1,0,0,0,0,0
AM02,AM02,0,0,0,0,0,0,0,0,0,0,0,0,0,0,0,0,0,0
DV01,DV01,0,0,0,0,0,0,0,0,0,0,0,0,0,0,0,0,0,0
DV02,DV02,0,0,0,0,0,0,0,0,0,0,0,0,0,0,0,0,0,0
DV03,DV03,0,0,0,0,0,0,0,0,0,0,0,0,0,0,0,0,0,0
DV04,DV04,0,0,0,0,0,0,0,0,0,0,0,0,0,0,0,0,0,0
DV05,DV05,0,0,0,0,0,0,0,0,0,0,0,0,0,0,1,0,0,0
DV06,DV06,0,0,0,0,0,0,0,0,0,0,0,0,0,0,0,0,0,0
DV07,DV07,0,0,0,0,0,0,0,0,0,0,0,0,0,0,0,0,0,0
DV08,DV08,0,0,0,0,0,0,0,0,0,0,0,0,0,0,0,0,0,0
DV09,DV09,0,0,0,0,0,0,0,0,0,0,0,0,0,0,0,0,0,0
DV10,DV10,0,0,0,0,0,0,0,0,0,0,0,0,0,0,1,0,0,0
DV11,DV11,0,0,0,0,0,0,0,0,0,0,0,0,0,0,0,0,0,0
DV12,DV12,0,0,0,0,0,0,0,0,0,0,0,0,0,0,0,0,0,0
DV13,DV13,0,0,0,0,0,0,0,0,0,0,0,0,0,0,0,0,0,0
DV14,DV14,0,0,0,0,0,0,0,0,0,0,0,0,0,0,0,0,0,1
DV15,DV15,0,0,0,0,0,0,0,0,0,0,0,0,0,0,0,0,0,0
DV16,DV16,0,0,0,0,0,0,0,0,0,0,0,0,0,0,0,0,0,0
DV17,DV17,0,0,0,0,0,0,0,0,0,0,0,0,0,0,0,0,0,0
DV18,DV18,0,0,0,0,0,0,0,0,0,0,0,0,0,0,0,0,0,0
HAE01,HAE01,0,0,0,0,0,0,0,0,0,0,0,0,0,0,0,0,0,0
IA01,IA01,0,0,0,0,0,0,0,0,0,0,0,0,0,0,0,1,0,0
IS01,IS01,0,0,0,0,0,0,0,0,0,0,0,0,0,0,0,0,1,0
IS02,IS02,0,0,0,0,0,0,0,0,0,0,0,0,0,0,0,0,1,0
IS03,IS03,0,0,0,0,0,0,0,0,0,0,0,0,0,0,0,0,0,0
IS04,IS04,0,0,0,0,0,0,0,0,0,0,0,0,0,0,0,0,1,0
IS05,IS05,0,0,0,0,0,0,0,0,0,0,0,0,0,0,0,0,0,0
IS06,IS06,0,0,0,0,0,0,0,0,0,0,0,0,0,0,0,0,1,0
IS07,IS07,0,0,0,0,0,0,0,0,0,0,0,0,0,0,0,0,1,0
IS08,IS08,0,0,0,0,0,0,0,0,0,0,0,0,0,0,0,0,0,0
IS09,IS09,0,0,0,0,0,0,0,0,0,0,0,0,0,0,0,0,0,0
IS10,IS10,0,0,0,0,0,0,0,0,0,0,0,0,0,0,0,0,1,0
IS11,IS11,0,0,0,0,0,0,0,0,0,0,0,0,0,0,0,0,0,0
IS12,IS12,0,0,0,0,0,0,0,0,0,0,0,0,0,0,0,0,0,0
IS13,IS13,0,0,1,0,0,0,0,0,0,0,0,0,0,0,0,0,0,0
IS14,IS14,0,0,1,0,0,0,0,0,0,0,0,0,0,0,0,0,0,0
IS15,IS15,0,0,0,0,0,0,0,0,0,0,0,0,0,0,0,0,0,0
IS16,IS16,0,0,1,0,0,0,0,0,0,0,0,0,0,0,0,0,1,0
IS17,IS17,0,0,0,0,0,0,0,0,0,0,0,0,0,0,0,0,1,0
IS18,IS18,0,0,0,0,1,0,0,0,0,0,0,0,0,0,0,0,0,0
IS19,IS19,0,0,0,0,0,0,0,0,0,0,0,0,0,0,0,0,1,0
IS20,IS20,0,0,0,0,0,0,0,0,0,0,0,0,0,0,0,0,0,0
IS21,IS21,0,0,0,0,0,0,0,0,0,0,0,0,0,0,0,0,1,0
IS22,IS22,0,0,0,0,0,0,0,0,0,0,0,0,0,0,0,0,0,0
IS23,IS23,0,0,0,0,0,0,0,0,0,0,0,0,0,0,0,0,0,0
IS24,IS24,0,0,0,0,0,0,0,0,0,0,0,0,0,0,0,0,0,0
IS25,IS25,0,0,0,0,0,0,0,0,0,0,0,0,0,0,0,0,0,0
IS26,IS26,0,0,0,0,0,0,0,0,0,0,0,0,0,0,0,0,0,0
IS27,IS27,0,0,0,0,0,0,0,0,0,0,0,0,0,0,0,0,0,0
IS28,IS28,0,0,0,0,0,0,0,0,0,0,0,0,0,0,0,0,0,0
IS29,IS29,0,0,0,0,0,0,0,0,0,0,0,0,0,0,0,0,1,0
IS30,IS30,0,0,0,0,0,0,0,0,0,0,0,0,0,0,0,0,1,0
IS31,IS31,0,0,1,0,0,0,0,0,0,0,0,0,0,0,0,0,0,0
IS32,IS32,0,0,0,0,0,0,0,0,0,0,0,0,0,0,0,0,1,0
IS33,IS33,0,0,0,0,0,0,0,0,0,0,0,0,0,0,0,0,0,0
IS34,IS34,0,0,0,0,0,0,0,0,0,0,0,0,0,0,0,0,0,0
IS35,IS35,0,0,0,0,1,0,0,0,0,0,0,0,0,0,0,0,0,0
IS36,IS36,0,0,0,0,1,0,0,0,0,0,0,0,0,0,0,0,0,0
IS37,IS37,0,0,0,0,0,0,0,0,0,0,0,0,0,0,0,0,0,0
IS38,IS38,0,0,0,0,0,0,0,0,0,0,0,0,0,0,0,0,0,0
IS39,IS39,0,0,0,0,1,0,0,0,0,0,0,0,0,0,0,0,0,0
IS40,IS40,0,0,0,0,0,0,0,0,0,0,0,0,0,0,0,0,0,0
IS41,IS41,0,0,0,0,0,0,0,0,0,0,0,0,0,0,0,0,0,0
IS42,IS42,0,0,0,0,0,0,0,0,0,0,0,0,0,0,0,0,0,0
IS43,IS43,0,0,0,0,0,0,0,0,0,0,0,0,0,0,0,0,1,0
IS44,IS44,0,0,0,0,0,0,0,0,0,0,0,0,0,0,0,0,0,0
IS45,IS45,0,0,0,0,0,0,0,0,0,0,0,0,0,0,0,0,1,0
IS46,IS46,0,0,0,0,1,0,0,0,0,0,0,0,0,0,0,0,0,0
IS47,IS47,0,0,0,0,0,0,0,0,0,0,0,0,0,0,0,0,1,0
IS48,IS48,0,0,1,0,0,0,0,0,0,0,0,0,0,0,0,0,0,0
IS49,IS49,0,0,0,0,0,0,0,0,0,0,0,0,0,0,0,0,0,0
IS50,IS50,0,0,0,0,0,0,0,0,0,0,0,0,0,0,0,0,0,0
IS51,IS51,0,0,0,0,0,0,0,0,0,0,0,0,0,0,0,0,0,0
IS52,IS52,0,0,0,0,0,0,0,0,0,0,0,0,0,0,0,0,1,0
IS53,IS53,0,0,0,0,1,0,0,0,0,0,0,0,0,0,0,0,0,0
IS54,IS54,0,0,0,0,0,0,0,0,0,0,0,0,0,0,0,0,0,0
IS55,IS55,0,0,0,0,0,0,0,0,0,0,0,0,0,0,0,0,0,0
IS56,IS56,0,0,0,0,0,0,0,0,0,0,0,0,0,0,0,0,0,0
IS57,IS57,0,0,0,0,0,0,0,0,0,0,0,0,0,0,0,0,1,0
IS58,IS58,0,0,0,0,0,0,0,0,0,0,0,0,0,0,0,0,0,0
IS59,IS59,0,0,0,0,0,0,0,0,0,0,0,0,0,0,0,0,0,0
IS60,IS60,0,0,0,0,0,0,0,0,0,0,0,0,0,0,0,0,1,0
IS61,IS61,0,0,0,0,0,0,0,0,0,0,0,0,0,0,0,0,0,0
IS62,IS62,0,0,0,0,0,0,0,0,0,0,0,0,0,0,0,0,0,0
IS63,IS63,0,0,1,0,0,0,0,0,0,0,0,0,0,0,0,0,1,0
IS64,IS64,0,0,0,0,1,0,0,0,0,0,0,0,0,0,0,0,0,0
IS65,IS65,0,0,0,0,0,0,0,0,0,0,0,0,0,0,0,0,0,0
IS66,IS66,0,0,0,0,1,0,0,0,0,0,0,0,0,0,0,0,1,0
IS67,IS67,0,0,1,0,1,0,0,0,0,0,0,0,0,0,0,0,0,0
IS68,IS68,0,0,0,0,0,0,0,0,0,0,1,0,0,0,0,0,1,0
IS69,IS69,0,0,0,0,1,0,0,0,0,0,0,0,0,0,0,0,1,0
IS70,IS70,0,0,0,0,1,0,0,0,0,0,0,0,0,0,0,0,0,0
IS71,IS71,0,0,0,0,0,0,0,0,0,0,0,0,0,0,0,0,1,0
IS72,IS72,0,0,0,0,0,0,0,0,0,0,0,0,0,0,0,0,0,0
IS73,IS73,0,0,0,0,0,0,0,0,0,0,0,0,0,0,0,0,0,0
IS74,IS74,0,0,0,0,0,0,0,0,0,0,0,0,0,0,0,0,0,0
IS75,IS75,0,0,0,0,1,0,0,0,0,0,0,0,0,0,0,0,0,0
IS76,IS76,0,0,0,0,0,0,0,0,0,0,0,0,0,0,0,0,0,0
IS77,IS77,0,0,0,0,0,0,0,0,0,0,0,0,0,0,0,0,0,0
IS78,IS78,0,0,0,0,0,0,0,0,0,0,0,0,0,0,0,0,1,0
IS79,IS79,0,0,0,0,0,0,0,0,0,0,0,0,0,0,0,0,0,0
IS80,IS80,0,0,0,0,0,0,0,0,0,0,0,0,0,0,0,0,1,0
IS81,IS81,0,0,0,0,0,0,0,0,0,0,0,0,0,0,0,0,1,0
IS82,IS82,0,0,0,0,0,0,0,0,0,0,0,0,0,0,0,0,0,0
IS83,IS83,0,0,0,0,0,0,0,0,0,0,0,0,0,0,0,0,0,0
IS84,IS84,0,0,0,0,0,0,0,0,0,0,0,0,0,0,0,0,0,0
IS85,IS85,0,0,0,0,1,0,0,0,0,0,0,0,0,0,0,0,0,0
IS86,IS86,0,0,0,0,0,0,0,0,0,0,0,0,0,0,0,0,0,0
IS87,IS87,0,0,0,0,0,0,0,0,0,0,0,0,0,0,0,0,0,0
IS88,IS88,0,0,0,0,0,0,0,0,0,0,0,0,0,0,0,0,1,0
IS89,IS89,0,0,1,0,0,0,0,0,0,0,0,0,0,0,0,0,0,0
AA23,AduAA01,0,0,0,0,0,0,0,0,0,0,0,0,0,0,0,0,0,0
AA108,AduAA02,0,0,0,0,0,0,0,0,0,0,0,0,0,0,0,0,0,0
AA147,AduAA03,0,0,0,1,0,0,0,0,0,0,0,1,0,0,0,0,0,0
AA148,AduAA04,0,0,0,0,0,0,0,0,0,0,0,1,0,0,0,0,0,0
AA234,AduAA05,0,0,0,0,0,0,0,0,0,0,0,0,0,0,0,0,0,0
AA235,AduAA06,0,0,0,0,0,0,0,0,0,0,0,0,0,0,0,0,0,0
AA316,AduAA07,0,0,0,0,0,0,0,0,0,0,0,1,0,0,0,0,0,0
AA317,AduAA08,0,0,0,0,0,0,0,0,0,0,0,0,0,0,0,0,0,0
AA318,AduAA09,0,0,0,0,0,0,0,0,0,0,0,0,0,0,0,0,0,0
AA322,AduAA10,1,0,0,0,0,0,0,0,0,0,0,0,0,0,0,0,0,0
AA357,AduAA11,0,0,0,0,0,0,0,0,0,0,0,1,0,0,0,0,0,0
AA358,AduAA12,0,0,0,0,0,0,0,0,0,0,0,0,0,0,0,0,0,0
AA359,AduAA13,1,0,0,0,0,0,0,0,0,0,0,1,0,0,0,0,0,0
AA371,AduAA14,0,0,0,0,0,0,0,0,0,0,0,1,0,0,0,0,0,0
AA385,AduAA15,0,0,0,0,0,0,0,0,0,0,0,1,0,0,0,0,0,0
AA555,AduAA16,0,0,0,0,0,0,0,0,0,0,0,1,0,0,0,0,0,0
AA770,AduAA17,0,0,0,0,0,0,0,0,0,0,0,0,0,0,0,0,0,0
AA772,AduAA18,0,0,0,0,0,0,0,0,0,0,0,0,0,0,0,0,0,0
AA773,AduAA19,0,0,0,0,0,0,0,0,0,0,0,1,0,0,0,0,0,0
AA776,AduAA20,0,0,0,0,0,0,0,0,0,0,0,0,0,0,0,0,0,0
AA777,AduAA21,0,0,0,0,0,0,0,0,0,0,0,1,0,0,0,0,0,0
AA786,AduAA22,0,0,0,0,0,0,0,0,0,0,0,1,0,0,0,0,0,0
AA808,AduAA23,0,0,0,0,0,0,0,0,0,0,0,0,0,0,0,0,0,0
AA900,AduAA24,0,0,0,0,0,0,0,0,0,0,0,0,0,0,0,0,0,0
AA901,AduAA25,0,0,0,0,0,0,0,0,0,0,0,0,0,0,0,0,0,0
AA912,AduAA26,0,0,0,0,0,0,0,1,0,0,0,0,0,0,0,0,0,0
AA913,AduAA27,0,0,0,0,0,0,0,0,0,0,0,1,0,0,0,0,0,0
AA1009,AduAA28,1,0,0,0,0,0,0,0,0,0,0,1,0,0,0,0,0,0
AA1010,AduAA29,0,0,0,0,0,0,0,0,0,0,0,1,0,0,0,0,0,0
AA1048,AduAA30,1,0,0,0,0,0,0,0,0,0,0,0,0,0,0,0,0,0
AA1087,AduAA31,0,0,0,1,0,0,0,0,0,0,0,0,0,0,0,0,0,0
AA1088,AduAA32,0,0,0,0,0,0,0,0,0,0,0,0,0,0,0,0,0,0
AA1089,AduAA33,0,0,0,1,0,0,0,0,0,0,0,0,0,0,0,0,0,0
AA1090,AduAA34,0,0,0,1,0,0,0,0,0,0,0,0,0,0,0,0,0,0
AA1091,AduAA35,0,0,0,1,0,0,0,0,0,0,0,1,0,0,0,0,0,0
AA1094,AduAA36,0,0,0,0,0,0,0,0,0,0,0,1,0,0,0,0,0,0
AA1095,AduAA37,0,0,0,1,0,0,0,0,0,0,0,0,0,0,0,0,0,0
AA1453,AduAA38,0,0,0,1,0,0,0,0,0,0,0,0,0,0,0,0,0,0
AA1517,AduAA39,0,0,0,0,0,0,0,0,0,0,0,0,0,0,0,0,0,0
AA1577,AduAA40,0,0,0,0,0,0,0,0,0,0,0,0,0,0,0,0,0,0
AA1598,AduAA41,0,0,0,0,0,0,0,0,0,0,0,0,0,0,0,0,0,0
AA1644,AduAA42,0,0,0,0,0,0,0,0,0,0,0,0,0,0,0,0,0,0
AA1664,AduAA43,0,0,0,0,0,0,0,0,0,0,0,0,0,0,0,0,0,0
AA1713,AduAA44,0,0,0,0,0,0,0,0,0,0,0,0,0,0,0,0,0,0
AA1261,AduAA45,0,0,0,0,0,0,0,0,0,0,0,1,0,0,0,0,0,0
AA1645,AduAA46,0,0,0,0,0,0,0,0,0,0,0,0,0,0,0,0,0,0
AA155,AduAA47,0,0,0,0,0,0,0,0,0,0,0,0,0,0,0,0,0,0
AA157,AduAA48,0,0,0,0,0,0,0,0,0,0,0,1,0,0,0,0,0,0
AA230,AduAA49,0,0,0,0,0,0,0,0,0,0,0,0,0,0,0,0,0,0
AA556,AduAA50,0,0,0,0,0,0,0,0,0,0,0,1,0,0,0,0,0,0
AA557,AduAA51,0,0,0,0,0,0,0,0,0,0,0,0,0,0,0,0,0,0
AA631,AduAA52,0,0,0,0,0,0,0,0,0,0,0,1,0,0,0,0,0,0
AA632,AduAA53,0,0,0,0,0,0,0,0,0,0,0,0,0,0,0,0,0,0
AA633,AduAA54,1,0,0,0,0,0,0,0,0,0,0,1,0,0,0,0,0,0
AA634,AduAA55,0,0,0,0,0,0,0,0,0,0,0,1,0,0,0,0,0,0
AA635,AduAA56,0,0,0,0,0,0,0,0,0,0,0,1,0,0,0,0,0,0
AA990,AduAA57,0,0,0,0,0,0,0,0,0,0,0,1,0,0,0,0,0,0
AA991,AduAA58,0,0,0,0,0,0,0,0,0,0,0,1,0,0,0,0,0,0
AA1262,AduAA59,0,0,0,0,0,0,0,0,0,0,0,0,0,0,0,0,0,0
AA1263,AduAA60,0,0,0,0,0,0,0,0,0,0,0,0,0,0,0,0,0,0
AA1264,AduAA61,0,0,0,0,0,0,0,0,0,0,0,0,0,0,0,0,0,0
AA1265,AduAA62,0,0,0,0,0,0,0,0,0,0,0,1,0,0,0,0,0,0
AA1266,AduAA63,0,0,0,0,0,0,0,0,0,0,0,0,0,0,0,0,0,0
AA1267,AduAA64,0,0,0,0,0,0,0,0,0,0,0,1,0,0,0,0,0,0
AA1268,AduAA65,0,0,0,0,0,0,0,0,0,0,0,1,0,0,0,0,0,0
AA1269,AduAA66,0,0,0,0,0,0,0,0,0,0,0,1,0,0,0,0,0,0
AA1270,AduAA67,0,0,0,0,0,0,0,0,0,0,0,0,0,0,0,0,0,0
AA1502,AduAA68,0,0,0,0,0,0,0,0,0,0,0,0,0,0,0,0,0,0
AA1503,AduAA69,0,0,0,0,0,0,0,0,0,0,0,1,0,0,0,0,0,0
AA1504,AduAA70,0,0,0,0,0,0,0,0,0,0,0,1,0,0,0,0,0,0
AA1505,AduAA71,0,0,0,0,0,0,0,0,0,0,0,0,0,0,0,0,0,0
AA1506,AduAA72,0,0,0,0,0,0,0,0,0,0,0,0,0,0,0,0,0,0
AA1507,AduAA73,0,0,0,0,0,0,0,0,0,0,0,0,0,0,0,0,0,0
AA1661,AduAA74,0,0,0,0,0,0,0,0,0,0,0,0,0,0,0,0,0,0
AA1662,AduAA75,0,0,0,0,0,0,0,0,0,0,0,0,0,0,0,0,0,0
AA2,AduAA76,0,0,0,0,0,0,0,0,0,0,0,0,0,0,0,0,0,0
AA306,AduAA77,0,0,0,0,0,0,0,0,0,0,0,1,0,0,0,0,0,0
AA307,AduAA78,0,0,0,0,0,0,0,0,0,0,0,0,0,0,0,0,0,0
AA308,AduAA79,0,0,0,0,0,0,0,0,0,0,0,0,0,0,0,0,0,0
AA309,AduAA80,0,0,0,0,0,0,0,0,0,0,0,1,0,0,0,0,0,0
AA351,AduAA81,0,0,0,0,0,0,0,0,0,0,0,1,0,0,0,0,0,0
AA352,AduAA82,0,0,0,0,0,0,0,0,0,0,0,1,0,0,0,0,0,0
AA749,AduAA83,0,0,0,0,0,0,0,0,0,0,0,0,0,0,0,0,0,0
AA750,AduAA84,0,0,0,0,0,0,0,0,0,0,0,1,0,0,0,0,0,0
AA751,AduAA85,0,0,0,0,0,0,0,0,0,0,0,1,0,0,0,0,0,0
AA752,AduAA86,0,0,0,0,0,0,0,0,0,0,0,1,0,0,0,0,0,1
AA753,AduAA87,0,0,0,0,0,0,0,0,0,0,0,1,0,0,0,0,0,0
AA754,AduAA88,0,0,0,0,0,0,0,0,0,1,0,0,0,0,0,0,0,0
AA755,AduAA89,0,0,0,0,0,0,0,0,0,0,0,0,0,0,0,0,0,0
AA1015,AduAA90,0,0,0,0,0,0,0,0,0,0,0,1,0,0,0,0,0,0
AA1016,AduAA91,0,0,0,0,0,0,0,0,0,0,0,1,0,0,0,0,0,0
AA1017,AduAA92,0,0,0,0,0,0,0,0,0,0,0,1,0,0,0,0,0,0
AA1018,AduAA93,0,0,0,0,0,0,0,0,0,0,0,1,0,0,0,0,0,0
AA1250,AduAA94,0,0,0,0,0,0,0,0,0,0,0,0,0,0,0,0,0,0
AA1251,AduAA95,0,0,0,0,0,0,0,0,0,0,0,1,0,0,0,0,0,0
AA1252,AduAA96,0,0,0,0,0,0,0,0,0,0,0,1,0,0,0,0,0,0
AA1253,AduAA97,0,0,0,0,0,0,0,0,0,0,0,0,0,0,0,0,0,0
AA1254,AduAA98,0,0,0,0,0,0,0,0,0,0,0,1,0,0,0,0,0,0
AA1255,AduAA99,0,0,0,0,0,0,0,0,0,0,0,0,0,0,0,0,0,0
AA1256,AduAA100,0,0,0,0,0,0,0,0,0,0,0,0,0,0,0,0,0,0
AA46,AduAA101,0,0,0,0,0,0,0,0,0,0,0,1,0,0,0,0,0,0
AA47,AduAA102,0,0,0,0,0,0,0,1,0,0,0,1,0,0,0,0,0,0
AA164,AduAA103,0,0,0,0,0,0,0,0,0,0,0,1,0,1,0,0,0,0
AA165,AduAA104,0,0,0,0,0,0,0,0,0,0,0,1,0,0,0,0,0,0
AA166,AduAA105,0,0,0,0,0,0,0,0,0,0,0,0,0,0,0,0,0,0
AA167,AduAA106,0,0,0,0,0,0,0,0,0,0,0,1,0,0,0,0,0,0
AA168,AduAA107,0,0,0,0,0,0,0,0,0,0,0,1,0,0,0,0,0,0
AA180,AduAA108,0,0,0,0,0,0,0,0,0,0,0,1,0,0,0,0,0,0
AA181,AduAA109,0,0,0,0,0,0,0,0,0,0,0,1,0,0,0,0,0,0
AA182,AduAA110,0,0,0,0,0,0,0,0,0,0,0,1,0,0,0,0,0,0
AA183,AduAA111,0,0,0,1,0,0,0,0,0,0,0,1,0,0,0,0,0,1
AA184,AduAA112,0,0,0,0,0,0,0,0,0,0,0,1,0,0,0,0,0,0
AA185,AduAA113,0,0,0,0,0,0,0,0,0,0,0,0,0,0,0,0,0,0
AA188,AduAA114,0,0,0,0,0,0,0,0,0,0,0,1,0,0,0,0,0,0
AA189,AduAA115,0,0,0,0,0,0,0,0,0,0,0,1,0,0,0,0,0,0
AA179,AduAA116,0,0,0,0,0,0,0,0,0,0,0,0,0,0,0,0,0,0
AA193,AduAA117,0,0,0,0,0,0,1,0,0,0,0,0,0,0,0,0,0,0
AA339,AduAA118,0,0,0,0,0,0,0,0,0,0,0,1,0,0,0,0,0,1
AA340,AduAA119,0,0,0,0,0,0,0,0,0,0,0,1,0,0,0,0,0,0
AA341,AduAA120,0,0,0,0,0,0,0,0,0,0,0,1,0,0,0,0,0,0
AA342,AduAA121,0,0,0,0,0,0,0,0,0,0,0,1,0,0,0,0,0,0
AA575,AduAA122,0,0,0,0,0,0,0,0,0,0,0,0,0,0,0,0,0,0
AA576,AduAA123,0,0,0,0,0,0,0,0,0,0,0,0,0,0,0,0,0,0
AA577,AduAA124,0,0,0,0,0,0,0,0,0,0,0,1,0,1,0,0,0,1
AA578,AduAA125,0,0,0,0,0,0,0,0,0,0,0,1,0,0,0,0,0,1
AA579,AduAA126,0,0,0,0,0,0,0,0,0,0,0,1,0,0,0,0,0,0
AA580,AduAA127,0,0,0,0,0,0,0,0,0,0,0,1,0,0,0,0,0,0
AA581,AduAA128,0,0,0,0,0,0,0,0,0,0,0,1,0,0,0,0,0,0
AA609,AduAA129,0,0,0,0,0,0,0,0,0,0,0,0,0,0,0,0,0,0
AA612,AduAA130,0,0,0,0,0,0,0,0,0,0,0,1,0,0,0,0,0,0
AA613,AduAA131,0,0,0,0,0,0,0,0,0,0,0,1,0,0,0,0,0,0
AA614,AduAA132,0,0,0,0,0,0,0,0,0,0,0,1,0,0,0,0,0,0
AA615,AduAA133,0,1,0,0,0,0,0,0,0,0,0,1,0,0,0,0,0,0
AA616,AduAA134,0,0,0,0,0,0,0,0,0,0,0,1,0,0,0,0,0,0
AA617,AduAA135,0,0,0,0,0,0,0,0,0,0,0,0,0,0,0,0,0,0
AA918,AduAA136,0,0,0,0,0,0,0,0,0,0,0,1,0,0,0,0,0,0
AA919,AduAA137,0,0,0,0,0,0,0,0,0,0,0,0,0,0,0,0,0,0
AA933,AduAA138,0,0,0,0,0,0,0,0,0,0,0,0,0,0,0,0,0,0
AA934,AduAA139,0,0,0,0,0,0,0,0,0,0,0,0,0,0,0,0,0,0
AA935,AduAA140,0,0,0,0,0,0,0,0,0,0,0,1,0,0,0,0,0,0
AA936,AduAA141,0,0,0,0,0,0,0,0,0,0,0,0,0,0,0,0,0,0
AA937,AduAA142,0,0,0,0,0,0,0,0,0,0,0,1,0,0,0,0,0,0
AA938,AduAA143,0,0,0,0,0,0,0,0,0,0,0,0,0,0,0,0,0,0
AA939,AduAA144,0,0,0,0,0,0,1,0,0,0,0,1,0,0,0,0,0,0
AA940,AduAA145,0,1,0,0,0,0,0,0,0,0,0,1,0,0,0,0,0,0
AA941,AduAA146,0,0,0,0,0,0,0,0,0,0,0,1,0,0,0,0,0,0
AA942,AduAA147,0,0,0,0,0,0,0,0,0,0,0,1,0,0,0,0,0,1
AA932,AduAA148,0,0,0,0,0,0,0,0,0,0,0,0,0,0,0,0,0,0
AA943,AduAA149,0,0,0,0,0,0,0,0,0,0,0,0,0,0,0,0,0,0
AA1155,AduAA150,0,0,0,1,0,0,0,0,0,0,0,0,0,0,0,0,0,0
AA1156,AduAA151,0,0,0,0,0,0,0,0,0,0,0,0,0,0,0,0,0,0
AA1167,AduAA152,0,0,0,0,0,0,0,0,0,0,0,1,0,0,0,0,0,0
AA1168,AduAA153,0,0,0,0,0,0,0,0,0,0,0,1,0,0,0,0,0,0
AA1170,AduAA154,0,0,0,0,0,0,0,0,0,0,0,1,0,0,0,0,0,0
AA1171,AduAA155,0,0,0,0,0,0,0,0,0,0,0,0,0,0,0,0,0,0
AA1172,AduAA156,0,0,0,0,0,0,0,0,0,0,0,1,0,0,0,0,0,1
AA1173,AduAA157,0,0,0,0,0,0,0,0,1,0,0,0,0,0,0,0,0,0
AA1174,AduAA158,0,0,0,0,0,0,0,0,0,0,0,1,0,0,0,0,0,0
AA1157,AduAA159,0,0,0,0,0,0,0,0,0,0,0,0,0,0,0,0,0,0
AA1158,AduAA160,0,0,0,1,0,0,0,0,0,0,0,1,0,0,0,0,0,0
AA1159,AduAA161,0,0,0,0,0,0,0,0,0,0,0,0,0,0,0,0,0,0
AA1160,AduAA162,0,0,0,0,0,0,0,0,0,0,0,0,0,0,0,0,0,0
AA1161,AduAA163,0,0,0,0,0,0,0,0,0,0,0,0,0,0,0,0,0,0
AA1162,AduAA164,0,0,0,1,0,0,0,0,0,0,0,0,0,0,0,0,0,0
AA1289,AduAA165,0,0,0,0,0,0,0,0,0,0,0,1,0,0,0,0,0,0
AA1294,AduAA166,0,0,0,0,0,0,0,0,0,0,0,1,0,0,0,0,0,0
AA1295,AduAA167,0,0,0,0,0,0,0,0,0,0,0,1,0,0,0,0,0,0
AA1296,AduAA168,0,0,0,0,0,0,0,0,0,1,0,0,0,0,0,0,0,0
AA1297,AduAA169,0,0,0,0,0,0,0,0,0,0,0,0,0,0,0,0,0,0
AA1298,AduAA170,0,0,0,0,0,0,0,0,0,0,0,0,0,0,0,0,0,0
AA1302,AduAA171,0,0,0,0,0,0,0,0,0,0,0,1,0,0,0,0,0,0
AA1303,AduAA172,0,0,0,0,0,0,0,0,0,0,0,1,0,0,0,0,0,0
AA1304,AduAA173,0,0,0,0,0,0,0,0,0,0,0,0,0,0,0,0,0,0
AA1305,AduAA174,0,0,0,0,0,0,0,0,0,0,0,1,0,0,0,0,0,0
AA1306,AduAA175,0,0,0,0,0,0,0,0,0,0,0,1,0,0,0,0,0,0
AA1307,AduAA176,0,0,0,0,0,0,0,0,0,0,0,1,0,0,0,0,0,0
AA1299,AduAA177,0,0,0,0,0,0,0,0,0,0,0,0,0,0,0,0,0,0
AA1300,AduAA178,0,0,0,0,0,0,0,0,0,0,0,0,0,0,0,0,0,0
AA1456,AduAA179,0,0,0,0,0,0,0,0,0,1,0,1,0,0,0,0,0,0
AA1457,AduAA180,0,0,0,0,0,0,0,0,0,0,0,0,0,0,0,0,0,0
AA1458,AduAA181,0,0,0,0,0,0,0,0,0,0,0,1,0,0,0,0,0,0
AA1459,AduAA182,0,0,0,0,0,0,0,0,0,1,0,0,0,0,0,0,0,0
AA1460,AduAA183,0,0,0,0,0,0,0,0,0,0,0,1,0,0,0,0,0,0
AA1461,AduAA184,0,0,0,0,0,0,0,0,0,0,0,1,0,0,0,0,0,0
AA1481,AduAA185,0,0,0,0,0,0,0,0,0,0,0,0,0,0,0,0,0,0
AA1478,AduAA186,0,0,0,0,0,0,0,0,0,1,0,1,0,0,0,0,0,0
AA1479,AduAA187,0,0,0,0,0,0,0,0,0,0,0,0,0,0,0,0,0,0
AA1480,AduAA188,0,0,0,0,0,0,0,0,0,0,0,1,0,0,0,0,0,0
AA1482,AduAA189,0,0,0,0,0,0,0,1,0,0,0,1,0,0,0,0,0,0
AA1483,AduAA190,0,0,0,0,0,0,0,0,0,0,0,1,0,0,0,0,0,0
AA1484,AduAA191,0,0,0,0,0,0,0,0,0,1,0,1,0,0,0,0,0,0
AA1613,AduAA192,0,0,0,0,0,0,0,1,0,0,0,1,0,0,0,0,0,0
AA1614,AduAA193,0,0,0,0,0,0,0,1,1,0,0,1,0,0,0,0,0,0
AA1615,AduAA194,0,0,0,1,0,0,0,0,0,0,0,1,0,0,0,0,0,0
AA1616,AduAA195,0,0,0,0,0,0,0,0,0,0,0,1,0,0,0,0,0,0
AA1617,AduAA196,0,0,0,0,0,0,0,0,0,0,0,0,0,0,0,0,0,0
AA1618,AduAA197,0,0,0,0,0,0,0,0,0,0,0,0,0,0,0,0,0,0
AA1601,AduAA198,0,0,0,0,0,0,0,0,0,0,0,0,0,0,0,0,0,0
AA1602,AduAA199,0,0,0,0,0,0,0,0,0,0,0,0,0,0,0,0,0,0
AA1603,AduAA200,0,0,0,0,0,0,1,0,0,0,0,0,0,0,0,0,0,1
AA1604,AduAA201,0,0,0,1,0,0,0,0,0,0,0,0,0,0,0,0,0,0
AA1605,AduAA202,0,0,0,0,0,0,0,0,0,0,0,0,0,0,0,0,0,0
AA1606,AduAA203,0,0,0,0,0,0,0,0,0,0,0,1,0,0,0,0,0,0
AA1607,AduAA204,0,0,0,0,0,0,0,0,0,0,0,0,0,0,0,0,0,0
AA1608,AduAA205,0,0,0,0,0,0,0,0,0,1,0,0,0,0,0,0,0,0
AA1,AduAA206,0,0,0,0,0,0,0,0,0,0,0,0,0,0,0,0,0,0
AA6,AduAA207,0,0,0,0,0,0,0,0,0,0,0,0,0,0,0,0,0,0
AA7,AduAA208,0,0,0,0,0,0,1,0,0,0,0,1,0,0,0,0,0,1
AA17,AduAA209,0,0,0,0,0,0,0,0,0,0,0,1,0,0,0,0,0,0
AA72,AduAA210,0,0,0,0,0,0,0,0,0,0,0,1,0,0,0,0,0,0
AA75,AduAA211,0,0,0,0,0,0,0,0,1,0,0,1,0,0,0,0,0,0
AA70,AduAA212,0,0,0,0,0,0,0,0,0,0,0,1,0,0,0,0,0,0
AA71,AduAA213,0,0,0,0,0,0,0,0,0,0,0,1,0,0,0,0,0,0
AA72,AduAA214,0,0,0,0,0,0,0,0,0,0,0,1,0,0,0,0,0,0
AA73,AduAA215,0,0,0,0,0,0,0,0,0,0,0,1,0,0,0,0,0,0
AA74,AduAA216,0,0,0,0,0,0,0,0,0,0,0,1,0,0,0,0,0,0
AA236,AduAA217,0,0,0,0,0,0,0,0,0,0,0,1,0,0,0,0,0,0
AA384,AduAA218,0,0,0,0,0,0,1,0,0,0,0,0,0,0,0,0,0,0
AA641,AduAA219,0,0,0,0,0,0,0,0,0,0,0,1,0,0,0,0,0,0
AA644,AduAA220,0,0,0,0,0,0,0,0,0,0,0,0,0,0,0,0,0,0
AA645,AduAA221,0,0,0,0,0,0,0,0,0,0,0,1,0,0,0,0,0,0
AA647,AduAA222,0,0,0,0,0,0,0,0,0,0,0,0,0,0,0,0,0,0
AA648,AduAA223,0,0,0,0,0,0,0,0,0,0,0,1,0,0,0,0,0,0
AA649,AduAA224,0,0,0,0,0,0,0,0,0,0,0,0,0,0,0,0,0,0
AA651,AduAA225,0,0,0,0,0,0,0,0,0,0,0,1,0,0,0,0,0,0
AA656,AduAA226,0,0,0,0,0,0,0,0,0,0,0,1,0,0,0,0,0,0
AA657,AduAA227,0,0,0,0,0,0,0,0,0,0,0,0,0,0,0,0,0,1
AA668,AduAA228,0,0,0,0,0,0,0,0,0,0,0,1,0,0,0,0,0,0
AA669,AduAA229,0,0,0,0,0,0,0,0,0,0,0,0,0,0,0,0,0,0
AA670,AduAA230,0,0,0,0,0,0,0,0,0,0,0,1,0,0,0,0,0,0
AA671,AduAA231,0,0,0,0,0,0,0,0,0,1,0,1,0,0,0,0,0,0
AA672,AduAA232,0,0,0,0,0,0,0,0,0,0,0,1,0,0,0,0,0,0
AA673,AduAA233,0,0,0,0,0,0,0,0,0,1,0,1,0,0,0,0,0,0
AA674,AduAA234,0,0,0,0,0,0,0,0,0,0,0,1,0,0,0,0,0,0
AA675,AduAA235,0,0,0,0,0,0,0,0,0,0,0,1,0,0,0,0,0,1
AA704,AduAA236,0,0,0,0,0,0,0,0,0,0,0,1,0,0,0,0,0,0
AA705,AduAA237,0,0,0,0,0,0,0,0,0,0,0,1,0,0,0,0,0,0
AA706,AduAA238,0,0,0,0,0,0,0,0,0,0,0,1,0,0,0,0,0,0
AA707,AduAA239,0,0,0,0,0,0,0,0,0,0,0,0,0,0,0,0,0,0
AA708,AduAA240,0,0,0,0,0,0,0,0,0,0,0,0,0,0,0,0,0,0
AA709,AduAA241,0,0,0,0,0,0,0,0,0,0,0,1,0,0,0,0,0,0
AA710,AduAA242,0,0,0,0,0,0,0,0,0,0,0,1,0,0,0,0,0,0
AA713,AduAA243,0,0,0,0,0,0,0,0,0,0,0,1,0,0,0,0,0,0
AA1050,AduAA244,0,0,0,0,0,0,0,0,0,0,0,1,0,0,0,0,0,0
AA1277,AduAA245,0,0,0,0,0,0,0,0,0,0,0,1,0,0,0,0,0,0
AA1282,AduAA246,0,0,0,0,0,0,0,0,0,0,0,1,0,0,0,0,0,1
AA1278,AduAA247,0,0,0,0,0,0,0,0,0,0,0,1,0,0,0,0,0,0
AA1581,AduAA248,0,0,0,0,0,0,0,0,0,0,0,1,0,0,0,0,0,0
AA1582,AduAA249,0,0,0,0,0,0,0,0,0,0,0,0,0,0,0,0,0,0
AA1583,AduAA250,0,0,0,0,0,0,0,0,0,0,0,1,0,0,0,0,0,0
AA1670,AduAA251,0,0,0,0,0,0,0,0,0,0,0,1,0,0,0,0,0,0
AA1671,AduAA252,0,0,0,0,0,0,0,0,0,1,0,1,0,0,0,0,0,0
AA1672,AduAA253,1,0,0,0,0,0,0,0,0,0,0,0,0,0,0,0,0,0
AA1673,AduAA254,0,0,0,0,0,0,0,0,0,0,0,0,0,0,0,0,0,0
AA1674,AduAA255,0,0,0,0,0,0,0,0,0,0,0,1,0,0,0,0,0,0
AA1675,AduAA256,0,0,0,0,0,0,0,0,0,0,0,0,0,0,0,0,0,0
AA1676,AduAA257,0,0,0,0,0,0,0,0,0,0,0,1,0,0,0,0,0,0
AA1677,AduAA258,0,0,0,0,0,0,0,0,0,0,0,0,0,0,0,0,0,0
AA1678,AduAA259,0,0,0,0,0,0,0,0,0,0,0,0,0,0,0,0,0,0
AA1679,AduAA260,0,0,0,0,0,0,0,0,0,0,0,1,0,0,0,0,0,0
AA1680,AduAA261,0,0,0,0,0,0,0,0,0,0,0,0,0,0,0,0,0,0
AA1681,AduAA262,0,0,0,0,0,0,0,0,0,0,0,0,0,0,0,0,0,0
AA1683,AduAA263,0,0,0,0,0,0,0,0,0,0,0,1,0,0,0,0,0,0
AA1684,AduAA264,0,0,0,0,0,0,0,0,0,0,0,1,0,0,0,0,0,0
AA1685,AduAA265,0,0,0,0,0,0,0,0,0,0,0,1,0,0,0,0,0,0
AA1686,AduAA266,0,0,0,0,0,0,0,0,0,0,0,1,0,0,0,0,0,0
AA1687,AduAA267,0,0,0,0,0,0,0,0,0,0,0,1,0,0,0,0,0,0
AA1688,AduAA268,0,0,0,0,0,0,0,0,0,0,0,1,0,0,0,0,0,0
AA1689,AduAA269,0,0,0,0,0,0,0,0,0,0,0,1,0,0,0,0,0,0
AA1690,AduAA270,0,0,0,0,0,0,0,0,0,0,0,0,0,0,0,0,0,0
AA1691,AduAA271,0,0,0,0,0,0,0,0,0,0,0,1,0,0,0,0,0,0
AA1692,AduAA272,0,0,0,0,0,0,0,0,0,0,0,1,0,0,0,0,0,0
AA1693,AduAA273,0,0,0,0,0,0,0,0,0,0,0,1,0,0,0,0,0,0
AA1694,AduAA274,0,1,0,0,0,0,0,0,0,0,0,1,0,0,0,0,0,0
AA1695,AduAA275,0,0,0,0,0,0,0,0,0,0,0,1,0,0,0,0,0,0
AA1696,AduAA276,0,0,0,0,0,0,0,0,0,0,0,1,0,0,0,0,0,0
AA1697,AduAA277,0,0,0,0,0,0,0,0,0,0,0,1,0,0,0,0,0,0
AA1698,AduAA278,0,0,0,0,0,0,0,0,0,0,0,1,0,0,0,0,0,0
AA1699,AduAA279,0,0,0,0,0,0,0,0,0,0,0,1,0,0,0,0,0,0
AA24,AduAA280,0,0,0,0,0,0,0,0,0,0,0,1,0,0,0,0,0,0
AA25,AduAA281,0,0,0,0,0,0,0,0,0,0,0,1,0,0,0,0,0,1
AA26,AduAA282,0,0,0,0,0,0,0,1,0,0,0,1,0,0,0,0,0,0
AA27,AduAA283,0,0,0,0,0,0,0,0,0,0,0,1,0,0,0,0,0,0
AA105,AduAA284,0,0,0,0,0,0,0,0,0,0,0,1,0,0,0,0,0,0
AA106,AduAA285,0,0,0,0,0,0,0,0,0,0,0,0,0,0,0,0,0,0
AA107,AduAA286,0,0,0,0,0,0,0,0,0,0,0,1,0,0,0,0,0,0
AA109,AduAA287,0,0,0,0,0,0,0,0,0,0,0,0,0,0,0,0,0,0
AA110,AduAA288,0,0,0,0,0,0,0,0,0,0,0,1,0,0,0,0,0,0
AA111,AduAA289,0,0,0,0,0,0,0,0,0,0,0,0,0,0,0,0,0,0
AA258,AduAA290,0,0,0,0,0,0,0,0,0,0,0,1,0,0,0,0,0,0
AA259,AduAA291,0,0,0,0,0,0,0,0,0,0,0,1,0,0,0,0,0,0
AA260,AduAA292,0,0,0,0,0,0,0,0,0,0,0,1,0,0,0,0,0,0
AA261,AduAA293,0,0,0,0,0,0,0,0,0,0,0,1,0,0,0,0,0,0
AA262,AduAA294,0,0,0,0,0,0,0,0,0,0,0,1,0,0,0,0,0,0
AA405,AduAA295,0,0,0,0,0,0,0,0,0,0,0,0,0,0,0,0,0,0
AA393,AduAA296,1,0,0,0,0,0,0,0,0,0,0,0,0,0,0,0,0,0
AA394,AduAA297,0,0,0,0,0,0,0,0,0,0,0,1,0,0,0,0,0,0
AA395,AduAA298,0,0,0,0,0,0,0,0,0,0,0,0,0,0,0,0,0,0
AA396,AduAA299,0,0,0,0,0,0,0,0,0,0,0,0,0,0,0,0,0,0
AA403,AduAA300,0,0,0,0,0,0,0,0,0,0,0,0,0,0,0,0,0,1
AA404,AduAA301,0,0,0,0,0,0,0,0,0,0,0,1,0,0,0,0,0,0
AA397,AduAA302,0,0,0,0,0,0,0,0,0,0,0,1,0,0,0,0,0,0
AA398,AduAA303,0,0,0,0,0,0,0,0,0,0,0,1,0,0,0,0,0,0
AA399,AduAA304,0,0,0,0,0,0,0,0,0,0,0,1,0,0,0,0,0,0
AA400,AduAA305,0,0,0,0,0,0,0,0,0,0,0,1,0,0,0,0,0,0
AA401,AduAA306,0,0,0,0,0,0,0,0,0,0,0,1,0,0,0,0,0,0
AA416,AduAA307,0,0,0,0,0,0,0,0,0,0,0,1,0,0,0,0,0,0
AA417,AduAA308,0,0,0,0,0,0,0,0,0,0,0,1,0,0,0,0,0,0
AA418,AduAA309,0,0,0,0,0,0,0,0,0,0,0,0,0,0,0,0,0,0
AA419,AduAA310,0,0,0,0,0,0,0,0,0,0,0,0,0,0,0,0,0,0
AA420,AduAA311,0,0,0,0,0,0,0,0,0,0,0,0,0,0,0,0,0,0
AA421,AduAA312,0,0,0,0,0,0,0,0,0,0,0,1,0,0,0,0,0,0
AA422,AduAA313,0,0,0,0,0,0,0,0,0,0,0,1,0,0,0,0,0,0
AA423,AduAA314,0,0,0,0,0,0,0,0,0,0,0,0,0,0,0,0,0,0
AA409,AduAA315,0,0,0,0,0,0,0,0,0,0,0,0,0,0,0,0,0,0
AA410,AduAA316,0,0,0,0,0,0,0,0,0,0,0,1,0,0,0,0,0,0
AA411,AduAA317,0,0,0,0,0,0,1,0,0,0,0,1,0,0,0,0,0,0
AA412,AduAA318,0,0,0,0,0,0,0,0,0,0,0,1,0,0,0,0,0,0
AA840,AduAA319,0,0,0,0,0,0,0,0,0,0,0,0,0,0,0,0,0,0
AA815,AduAA320,0,0,0,0,0,0,0,0,0,0,0,0,0,0,0,0,0,0
AA816,AduAA321,0,0,0,0,0,0,0,0,0,0,0,1,0,0,0,0,0,0
AA817,AduAA322,0,0,0,0,0,0,0,0,0,0,0,0,0,0,0,0,0,0
AA818,AduAA323,0,0,0,0,0,0,0,0,0,0,0,0,0,0,0,0,0,0
AA819,AduAA324,0,0,0,0,0,0,0,0,0,0,0,0,0,0,0,0,0,0
AA820,AduAA325,0,0,0,0,0,0,0,0,0,0,0,0,0,0,0,0,0,0
AA821,AduAA326,0,0,0,0,0,0,0,0,0,0,0,0,0,0,0,0,0,0
AA822,AduAA327,0,0,0,0,0,0,0,0,0,0,0,1,0,0,0,0,0,0
AA823,AduAA328,0,0,0,0,0,0,0,0,0,0,0,1,0,0,0,0,0,0
AA848,AduAA329,0,0,0,0,0,0,0,0,0,0,0,1,0,0,0,0,0,0
AA849,AduAA330,0,0,0,0,0,0,0,0,0,0,0,0,0,0,0,0,0,0
AA850,AduAA331,0,0,0,0,0,0,0,0,0,0,0,1,0,0,0,0,0,0
AA851,AduAA332,0,0,0,0,0,0,0,0,0,0,0,1,0,0,0,0,0,0
AA852,AduAA333,0,0,0,0,0,0,0,0,0,0,0,0,0,0,0,0,0,0
AA853,AduAA334,0,0,0,0,0,0,0,1,0,0,0,1,0,0,0,0,0,0
AA854,AduAA335,0,0,0,0,0,0,0,0,0,0,0,0,0,0,0,0,0,0
AA855,AduAA336,0,0,0,0,0,0,0,0,0,0,0,0,0,0,0,0,0,1
AA856,AduAA337,0,0,0,0,0,0,0,0,0,0,0,1,0,0,0,0,0,0
AA857,AduAA338,0,0,0,0,0,0,0,0,0,0,0,0,0,0,0,0,0,0
AA858,AduAA339,0,0,0,0,0,0,0,0,0,0,0,1,0,0,0,0,0,0
AA859,AduAA340,0,0,0,0,0,0,0,0,0,0,0,1,0,0,0,0,0,0
AA860,AduAA341,0,0,0,0,0,0,0,0,0,0,0,1,0,0,0,0,0,0
AA861,AduAA342,0,0,0,0,0,0,0,0,0,0,0,0,0,0,0,0,0,0
AA1099,AduAA343,0,0,0,0,0,0,0,0,0,0,0,1,0,0,0,0,0,1
AA1100,AduAA344,0,0,0,0,0,0,0,0,1,0,0,0,0,0,0,0,0,0
AA1101,AduAA345,0,0,0,0,0,0,0,0,0,0,0,0,0,0,0,0,0,0
AA1102,AduAA346,0,0,0,0,0,0,0,0,0,0,0,0,0,0,0,0,0,0
AA1103,AduAA347,0,0,0,0,0,0,0,0,0,0,0,0,0,0,0,0,0,0
AA1104,AduAA348,0,0,0,0,0,0,0,0,0,0,0,1,0,0,0,0,0,0
AA1105,AduAA349,0,0,0,0,0,0,0,0,0,0,0,1,0,0,0,0,0,0
AA1106,AduAA350,0,0,0,0,0,0,0,0,0,0,0,1,0,0,0,0,0,0
AA1107,AduAA351,0,0,0,0,0,0,0,0,0,0,0,0,0,0,0,0,0,0
AA1108,AduAA352,0,0,0,0,0,0,0,0,0,0,0,1,0,0,0,0,0,0
AA1109,AduAA353,0,0,0,0,0,0,0,0,0,0,0,1,0,0,0,0,0,0
AA1116,AduAA354,0,0,0,0,0,0,0,0,0,0,0,1,0,0,0,0,0,0
AA1117,AduAA355,0,0,0,0,0,0,0,0,0,0,0,1,0,0,0,0,0,0
AA1118,AduAA356,0,0,0,0,0,0,0,0,0,0,0,1,0,0,0,0,0,0
AA1119,AduAA357,0,0,0,0,0,0,0,0,0,0,0,1,0,0,0,0,0,0
AA1120,AduAA358,0,0,0,0,0,0,0,0,0,0,0,1,0,0,0,0,0,0
AA1121,AduAA359,0,0,0,0,0,0,0,0,0,0,0,1,0,0,0,0,0,0
AA1113,AduAA360,0,0,0,0,0,0,0,0,0,0,0,1,0,0,0,0,0,0
AA1112,AduAA361,0,0,0,0,0,0,0,0,0,0,0,1,0,0,0,0,0,0
AA1150,AduAA362,0,0,0,0,0,0,0,0,0,0,0,0,0,0,0,0,0,0
AA1151,AduAA363,0,0,0,0,0,0,0,0,0,0,0,0,0,0,0,0,0,0
AA1152,AduAA364,0,0,0,0,0,0,0,0,0,0,0,1,0,0,0,0,0,0
AA1153,AduAA365,0,0,0,0,0,0,0,0,0,0,0,0,0,0,0,0,0,0
AA1154,AduAA366,0,0,0,0,0,0,0,0,0,0,0,0,0,0,0,0,0,0
AA1330,AduAA367,0,0,0,0,0,0,0,0,0,0,0,1,0,0,0,0,0,0
AA1331,AduAA368,0,0,0,0,0,0,0,0,0,0,0,0,0,0,0,0,0,0
AA1326,AduAA369,0,0,0,0,0,0,0,0,0,0,0,0,0,0,0,0,0,0
AA1327,AduAA370,0,0,0,0,0,0,0,0,0,0,0,1,0,0,0,0,0,0
AA1328,AduAA371,0,0,0,0,0,0,0,0,0,0,0,1,0,0,0,0,0,0
AA1329,AduAA372,0,0,0,0,0,0,0,0,0,0,0,1,0,0,0,0,0,1
AA1357,AduAA373,0,0,0,0,0,0,0,0,0,0,0,0,0,0,0,0,0,0
AA1358,AduAA374,0,0,0,0,0,0,0,0,0,0,0,0,0,0,0,0,0,0
AA1359,AduAA375,0,0,0,0,0,0,0,0,0,0,0,1,0,0,0,0,0,0
AA1360,AduAA376,0,0,0,0,0,0,0,0,0,0,0,1,0,0,0,0,0,0
AA1361,AduAA377,0,0,0,0,0,0,0,0,0,0,0,1,0,0,0,0,0,0
AA1362,AduAA378,0,0,0,0,0,0,0,0,0,0,0,0,0,0,0,0,0,0
AA1363,AduAA379,0,0,0,0,0,0,0,0,0,0,0,0,0,0,0,0,0,0
AA1364,AduAA380,0,0,0,0,0,0,0,0,0,0,0,1,0,0,0,0,0,1
AA1365,AduAA381,0,0,0,0,0,0,0,0,0,0,0,1,0,0,0,0,0,0
AA1366,AduAA382,0,0,0,0,0,0,0,0,0,0,0,1,0,0,0,0,0,1
AA1367,AduAA383,0,0,0,0,0,0,0,0,0,0,0,0,0,0,0,0,0,0
AA1368,AduAA384,0,0,0,0,0,0,0,0,0,0,0,0,0,0,0,0,0,0
AA1369,AduAA385,0,0,0,0,0,0,0,0,0,0,0,1,0,0,0,0,0,0
AA1370,AduAA386,0,0,0,0,0,0,0,0,0,0,0,1,0,0,0,0,0,0
AA1371,AduAA387,0,0,0,0,0,0,0,0,0,0,0,1,0,0,0,0,0,0
AA1372,AduAA388,0,0,0,0,0,0,0,0,0,0,0,0,0,0,0,0,0,0
AA1373,AduAA389,0,0,0,0,0,0,0,0,0,0,0,0,0,0,0,0,0,0
AA1374,AduAA390,0,0,0,0,0,0,1,0,1,0,0,1,0,0,0,0,0,0
AA1375,AduAA391,0,0,0,0,0,0,0,0,0,0,0,1,0,0,0,0,0,0
AA1519,AduAA392,0,0,0,0,0,0,0,0,0,0,0,1,0,0,0,0,0,0
AA1523,AduAA393,0,0,0,0,0,0,0,0,0,0,0,1,0,0,0,0,0,0
AA1524,AduAA394,0,0,0,0,0,0,0,0,0,0,0,1,0,0,0,0,0,0
AA1525,AduAA395,0,0,0,0,0,0,0,0,0,0,0,1,0,0,0,0,0,0
AA1526,AduAA396,0,0,0,0,0,0,0,0,0,0,0,1,0,0,0,0,0,0
AA1527,AduAA397,0,0,0,0,0,0,0,0,0,0,0,0,0,0,0,0,0,0
AA1528,AduAA398,0,0,0,0,0,0,0,0,0,0,0,1,0,0,0,0,0,0
AA1529,AduAA399,0,0,0,0,0,0,0,0,0,0,0,0,0,0,0,0,0,0
AA1530,AduAA400,0,0,0,0,0,0,0,0,0,0,0,0,0,0,0,0,0,0
AA1531,AduAA401,0,0,0,0,0,0,0,0,0,0,0,1,0,0,0,0,0,0
AA1532,AduAA402,0,0,0,0,0,0,0,0,0,0,0,1,0,0,0,0,0,0
AA1533,AduAA403,0,0,0,0,0,0,0,0,0,0,0,1,0,0,0,0,0,0
AA1534,AduAA404,0,0,0,0,0,0,0,0,0,0,0,1,0,0,0,0,0,0
AA1535,AduAA405,0,0,0,0,0,0,0,0,0,0,0,1,0,0,0,0,0,0
AA1536,AduAA406,0,0,0,0,0,0,0,0,0,0,0,1,0,0,0,0,0,0
AA1537,AduAA407,0,0,0,0,0,0,0,0,0,0,0,1,0,0,0,0,0,0
AA1538,AduAA408,0,0,0,0,0,0,0,0,0,0,0,1,0,0,0,0,0,1
AA1539,AduAA409,0,0,0,0,0,0,0,0,0,0,0,1,0,0,0,0,0,0
AA1540,AduAA410,0,0,0,0,0,0,0,0,0,0,0,1,0,0,0,0,0,0
AA1541,AduAA411,0,0,0,0,0,0,0,0,0,0,0,1,0,0,0,0,0,0
AA1542,AduAA412,0,0,0,0,0,0,0,0,0,0,0,1,0,0,0,0,0,0
AA1543,AduAA413,0,0,0,0,0,0,0,0,0,0,0,1,0,0,0,0,0,0
AA1544,AduAA414,0,0,0,0,0,0,0,0,0,0,0,1,0,0,0,0,0,0
AA1714,AduAA415,0,0,0,0,0,0,0,0,0,0,0,1,0,0,0,0,0,0
AA1715,AduAA416,0,0,0,0,0,0,0,0,0,0,0,1,0,0,0,0,0,0
AA10,AduAA417,0,0,0,0,0,0,0,0,0,0,0,1,0,0,0,0,0,0
AA323,AduAA418,0,0,0,0,0,0,0,0,0,0,0,1,0,0,0,0,0,0
AA325,AduAA419,0,0,0,0,0,0,0,0,0,0,0,0,0,0,0,0,0,0
AA326,AduAA420,0,0,0,0,0,0,0,0,0,0,0,1,0,0,0,0,0,0
AA327,AduAA421,0,0,0,0,0,0,0,0,0,0,0,1,0,0,0,0,0,0
AA328,AduAA422,0,0,0,0,0,0,0,0,0,0,0,1,0,0,0,0,0,0
AA509,AduAA423,0,0,0,0,0,0,0,0,0,0,0,1,0,0,0,0,0,0
AA510,AduAA424,0,0,0,0,0,0,0,0,0,0,0,1,0,0,0,0,0,0
AA511,AduAA425,0,0,0,0,0,0,0,0,0,0,0,1,0,0,0,0,0,0
AA512,AduAA426,0,0,0,0,0,0,0,0,0,0,0,0,0,0,0,0,0,0
AA513,AduAA427,0,0,0,0,0,0,0,0,0,0,0,1,0,0,0,0,0,0
AA514,AduAA428,0,0,0,0,0,0,0,0,0,0,0,1,0,0,0,0,0,0
AA515,AduAA429,0,0,0,0,0,0,0,0,0,0,0,1,0,0,0,0,0,0
AA516,AduAA430,0,0,0,0,0,0,0,0,0,0,0,1,0,0,0,0,0,0
AA517,AduAA431,0,0,0,0,0,0,0,0,0,0,0,0,0,0,0,0,0,0
AA518,AduAA432,0,0,0,0,0,0,0,0,0,0,0,1,0,0,0,0,0,0
AA519,AduAA433,0,0,0,0,0,0,0,0,0,0,0,1,0,0,0,0,0,0
AA520,AduAA434,0,0,0,0,0,0,0,0,0,0,0,1,0,0,0,0,0,0
AA521,AduAA435,0,0,0,0,0,0,0,0,0,0,0,1,0,0,0,0,0,0
AA530,AduAA436,0,0,0,0,0,0,0,0,0,0,0,1,0,0,0,0,0,0
AA531,AduAA437,0,0,0,0,0,0,0,0,0,0,0,0,0,0,0,0,0,0
AA532,AduAA438,0,0,0,0,0,0,0,0,0,0,0,1,0,0,0,0,0,0
AA533,AduAA439,0,0,0,0,0,0,0,0,0,0,0,1,0,0,0,0,0,0
AA534,AduAA440,0,0,0,0,0,0,0,0,0,0,0,1,0,0,0,0,0,0
AA535,AduAA441,0,0,0,0,0,0,0,0,0,0,0,1,0,0,0,0,0,0
AA536,AduAA442,0,0,0,0,0,0,0,0,0,0,0,1,0,0,0,0,0,0
AA537,AduAA443,0,0,0,0,0,0,0,0,0,0,0,0,0,0,0,0,0,1
AA538,AduAA444,0,0,0,0,0,0,0,0,0,0,0,1,0,0,0,0,0,0
AA539,AduAA445,0,0,0,0,0,0,0,0,0,0,0,0,0,0,0,0,0,0
AA540,AduAA446,0,0,0,0,0,0,0,0,0,0,0,1,0,0,0,0,0,0
AA541,AduAA447,0,0,0,0,0,0,0,0,0,0,0,0,0,0,0,0,0,0
AA542,AduAA448,0,0,0,0,0,0,0,0,0,0,0,0,0,0,0,0,0,0
AA543,AduAA449,0,0,0,0,0,0,0,0,0,0,0,1,0,0,0,0,0,0
AA544,AduAA450,0,0,0,0,0,0,0,0,0,0,0,0,0,0,0,0,0,0
AA545,AduAA451,0,0,0,0,0,0,0,0,0,0,0,1,0,0,0,0,0,0
AA902,AduAA452,0,0,0,0,0,0,0,0,0,0,0,0,0,0,0,0,0,0
AA903,AduAA453,0,0,0,0,0,0,0,0,0,0,0,1,0,0,0,0,0,0
AA904,AduAA454,0,0,0,0,0,0,0,0,0,0,0,0,0,0,0,0,0,0
AA905,AduAA455,0,0,0,0,0,0,0,0,0,0,0,0,0,0,0,0,0,0
AA906,AduAA456,0,0,0,0,0,0,0,0,0,0,0,0,0,0,0,0,0,0
AA1022,AduAA457,0,0,0,0,0,0,0,0,0,0,0,1,0,0,0,0,0,0
AA1023,AduAA458,0,0,0,0,0,0,0,0,0,0,0,1,0,0,0,0,0,0
AA1024,AduAA459,0,0,0,0,0,0,0,0,0,0,0,0,0,0,0,0,0,0
AA1025,AduAA460,0,0,0,0,0,0,0,0,0,0,0,1,0,0,0,0,0,0
AA1026,AduAA461,0,0,0,0,0,0,0,1,0,0,0,0,0,0,0,0,0,0
AA1027,AduAA462,0,0,0,0,0,0,0,0,0,0,0,0,0,0,0,0,0,0
AA1028,AduAA463,0,0,0,0,0,0,0,0,0,0,0,0,0,0,0,0,0,0
AA1029,AduAA464,1,0,0,0,0,0,0,0,0,0,0,1,0,0,0,0,0,0
AA1030,AduAA465,0,0,0,0,0,0,0,0,0,0,0,1,0,0,0,0,0,0
AA1031,AduAA466,0,0,0,0,0,0,0,0,0,0,0,0,0,0,0,0,0,0
AA1032,AduAA467,0,0,0,0,0,0,0,0,0,0,0,1,0,0,0,0,0,0
AA1033,AduAA468,0,0,0,0,0,0,0,0,0,0,0,1,0,0,0,0,0,0
AA1227,AduAA469,0,0,0,0,0,0,0,0,0,0,0,1,0,0,0,0,0,0
AA1228,AduAA470,0,0,0,0,0,0,0,0,0,0,0,1,0,0,0,0,0,0
AA1229,AduAA471,0,0,0,0,0,0,0,0,0,0,0,1,0,0,0,0,0,0
AA1230,AduAA472,0,0,0,0,0,0,0,0,0,0,0,1,0,0,0,0,0,0
AA1495,AduAA473,0,0,0,0,0,0,0,1,0,0,0,1,0,0,0,0,0,1
AA1496,AduAA474,0,0,0,0,0,0,0,0,0,0,0,1,0,0,0,0,0,0
AA1497,AduAA475,0,0,0,0,0,0,0,0,0,0,0,1,0,0,0,0,0,0
AA1498,AduAA476,0,0,0,0,0,0,0,0,0,0,0,1,0,0,0,0,0,0
AA1499,AduAA477,0,0,0,0,0,0,0,0,0,0,0,1,0,0,0,0,0,0
AA1510,AduAA478,0,0,0,0,0,0,0,0,0,0,0,1,0,0,0,0,0,0
AA1511,AduAA479,0,0,0,0,0,0,0,0,0,0,0,0,0,0,0,0,0,0
AA1512,AduAA480,0,0,0,0,0,0,0,0,0,0,0,0,0,0,0,0,0,0
AA1513,AduAA481,0,0,0,0,0,0,0,0,0,0,0,1,0,0,0,0,0,0
AA1514,AduAA482,0,0,0,0,0,0,0,0,0,0,0,1,0,0,0,0,0,0
AA1646,AduAA483,0,0,0,0,0,0,0,0,0,0,0,0,0,0,0,0,0,0
AA1647,AduAA484,0,0,0,0,0,0,0,0,0,0,0,0,0,0,0,0,0,0
AA1648,AduAA485,0,0,0,0,0,0,0,0,0,0,0,1,0,0,0,0,0,0
AA1649,AduAA486,0,0,0,0,0,0,0,0,0,0,0,1,0,0,0,0,0,0
AA1650,AduAA487,0,0,0,0,0,0,0,0,0,0,0,1,0,0,0,0,0,0
AA1651,AduAA488,0,0,0,0,0,0,0,0,0,0,0,0,0,0,0,0,0,0
AA1652,AduAA489,0,0,0,0,0,0,0,0,0,0,0,1,0,0,0,0,0,0
AA1653,AduAA490,0,0,0,0,0,0,0,0,0,0,0,1,0,0,0,0,0,0
AA1654,AduAA491,0,0,0,0,0,0,0,0,0,0,0,1,0,0,0,0,0,0
AA1655,AduAA492,0,0,0,0,0,0,0,0,0,0,0,1,0,0,0,0,0,0
AA1656,AduAA493,0,0,0,0,0,0,0,0,0,0,0,1,0,0,0,0,0,0
AA605,AduAA494,0,0,0,0,0,0,0,0,0,0,0,1,0,0,0,0,0,0
AA730,AduAA495,0,0,0,0,0,0,0,0,0,0,0,1,0,0,0,0,0,0
AA731,AduAA496,0,0,0,0,0,0,0,0,0,0,0,1,0,0,0,0,0,0
AA1279,AduAA497,0,0,0,0,0,0,0,0,0,0,0,1,0,0,0,0,0,0
AA1046,AduAA498,0,0,0,0,0,0,0,0,0,0,0,1,0,0,0,0,0,0
AA142,NymAA01,0,0,0,0,0,0,0,0,0,0,0,0,0,0,0,0,0,0
AA143,NymAA02,0,0,0,0,0,0,0,0,0,0,0,0,0,0,0,0,0,0
AA146,NymAA03,0,0,0,0,0,0,0,0,0,0,0,1,0,0,0,0,0,0
AA150,NymAA04,0,0,0,0,0,0,0,0,0,0,0,0,0,0,0,0,0,0
AA151,NymAA05,0,0,0,0,0,0,0,0,0,0,0,1,0,0,0,0,0,0
AA152,NymAA06,0,0,0,0,0,0,0,0,0,0,0,0,0,0,0,0,0,0
AA153,NymAA07,0,0,0,0,0,0,0,0,0,0,0,0,0,0,0,0,0,0
AA154,NymAA08,0,0,0,0,0,0,0,0,0,0,0,0,0,0,0,0,0,0
AA257,NymAA09,0,0,0,0,0,0,0,0,0,0,0,0,0,0,0,0,0,0
AA319,NymAA10,0,0,0,0,0,0,0,0,0,0,0,0,0,0,0,0,0,0
AA320,NymAA11,0,0,0,0,0,0,0,0,0,0,0,1,0,0,0,0,0,0
AA321,NymAA12,0,0,0,0,0,0,0,0,0,0,0,1,0,0,0,0,0,1
AA360,NymAA13,0,0,0,0,0,0,0,0,0,0,0,0,0,0,0,0,0,0
AA361,NymAA14,0,0,0,0,0,0,0,0,0,0,0,0,0,0,0,0,0,0
AA362,NymAA15,0,0,0,0,0,0,0,0,0,0,0,0,0,0,0,0,0,0
AA363,NymAA16,0,0,0,0,0,0,0,0,0,0,0,0,0,0,0,0,0,0
AA364,NymAA17,0,0,0,0,0,0,0,0,0,0,0,0,0,0,0,0,0,0
AA365,NymAA18,1,0,0,0,0,0,0,0,0,0,0,1,0,0,0,0,0,0
AA366,NymAA19,0,0,0,0,0,0,0,0,0,0,0,1,0,0,0,0,0,0
AA367,NymAA20,0,0,0,0,0,0,0,0,0,0,0,0,0,0,0,0,0,0
AA368,NymAA21,0,0,0,0,0,0,0,0,0,0,0,0,0,0,0,0,0,0
AA369,NymAA22,0,0,0,0,0,0,0,0,0,0,0,0,0,0,0,0,0,0
AA370,NymAA23,0,0,0,0,0,0,0,0,0,0,0,1,0,0,0,0,0,0
AA372,NymAA24,0,0,0,0,0,0,0,0,0,0,0,1,0,1,0,0,0,0
AA386,NymAA25,0,0,0,0,0,0,0,0,0,0,0,0,0,0,0,0,0,0
AA387,NymAA26,0,0,0,0,0,0,0,0,0,0,0,0,0,0,0,0,0,0
AA388,NymAA27,0,0,0,0,0,0,0,0,0,0,0,0,0,0,0,0,0,0
AA389,NymAA28,0,0,0,0,0,0,0,0,0,0,0,1,0,0,0,0,0,0
AA390,NymAA29,0,0,0,0,0,0,0,0,0,0,0,1,0,0,0,0,0,1
AA391,NymAA30,0,0,0,0,0,0,0,0,0,0,0,0,0,0,0,0,0,0
AA392,NymAA31,0,0,0,0,0,0,0,0,0,0,0,0,0,0,0,0,0,0
AA553,NymAA32,0,0,0,0,0,0,0,0,0,0,0,0,0,0,0,0,0,0
AA554,NymAA33,0,0,0,0,0,0,0,0,0,0,0,0,0,0,0,0,0,0
AA771,NymAA34,0,0,0,0,0,0,0,0,0,0,0,0,0,0,0,0,0,0
AA774,NymAA35,0,0,0,0,0,0,0,0,0,0,0,0,0,0,0,0,0,0
AA775,NymAA36,1,0,0,0,0,0,0,0,0,0,0,0,0,0,0,0,0,0
AA778,NymAA37,0,0,0,0,0,0,0,0,0,0,0,1,0,0,0,0,0,0
AA779,NymAA38,0,0,0,1,0,0,0,0,0,0,0,0,0,0,0,0,0,0
AA780,NymAA39,0,0,0,0,0,0,0,0,0,0,0,0,0,0,0,0,0,0
AA781,NymAA40,0,0,0,0,0,0,0,0,0,0,0,0,0,0,0,0,0,0
AA782,NymAA41,0,1,0,0,0,0,0,0,0,0,0,1,0,0,0,0,0,0
AA783,NymAA42,0,0,0,0,0,0,0,0,0,0,0,0,0,0,0,0,0,0
AA784,NymAA43,1,0,0,0,0,0,0,0,0,0,0,0,0,0,0,0,0,0
AA785,NymAA44,0,0,0,0,0,0,0,0,0,0,0,0,0,0,0,0,0,0
AA787,NymAA45,0,0,0,0,0,0,0,0,0,0,0,1,0,0,0,0,0,0
AA788,NymAA46,0,0,0,0,0,0,0,0,0,0,0,1,0,0,0,0,0,0
AA789,NymAA47,0,0,0,0,0,0,0,0,0,0,0,1,0,0,0,0,0,0
AA790,NymAA48,0,0,0,0,0,0,0,0,0,0,0,1,0,0,0,0,0,0
AA791,NymAA49,0,0,0,0,0,0,0,0,0,0,0,1,0,0,0,0,0,0
AA792,NymAA50,0,0,0,0,0,0,0,0,0,0,0,1,0,0,0,0,0,0
AA793,NymAA51,0,0,0,0,0,0,0,0,0,0,0,0,0,0,0,0,0,0
AA794,NymAA52,0,0,0,0,0,0,0,0,0,0,0,0,0,0,0,0,0,0
AA795,NymAA53,0,0,0,0,0,0,0,0,0,0,0,0,0,0,0,0,0,0
AA796,NymAA54,0,0,0,0,0,0,0,0,0,0,0,1,0,0,0,0,0,0
AA797,NymAA55,0,0,0,0,0,0,0,0,0,0,0,1,0,0,0,0,0,0
AA798,NymAA56,0,0,0,0,0,0,0,0,0,0,0,0,0,0,0,0,0,0
AA799,NymAA57,0,0,0,0,0,0,0,0,0,0,0,1,0,0,0,0,0,0
AA800,NymAA58,0,0,0,0,0,0,0,0,0,0,0,0,0,0,0,0,0,0
AA801,NymAA59,0,0,0,0,0,0,0,0,0,0,0,0,0,0,0,0,0,0
AA802,NymAA60,0,0,0,0,0,0,0,0,0,0,0,0,0,0,0,0,0,0
AA803,NymAA61,0,0,0,0,0,0,0,0,0,0,0,0,0,0,0,0,0,0
AA804,NymAA62,0,0,0,0,0,0,0,0,0,0,0,1,0,0,0,0,0,0
AA805,NymAA63,0,0,0,0,0,0,0,0,0,0,0,1,0,0,0,0,0,0
AA806,NymAA64,0,0,0,0,0,0,0,0,0,0,0,0,0,0,0,0,0,0
AA807,NymAA65,0,0,0,0,0,0,0,0,0,0,0,0,0,0,0,0,0,0
AA914,NymAA66,0,0,0,0,0,0,0,0,0,0,0,0,0,0,0,0,0,0
AA915,NymAA67,0,0,0,0,0,0,0,0,0,0,0,1,0,0,0,0,0,0
AA916,NymAA68,0,0,0,0,0,0,0,0,0,0,0,1,0,0,0,0,0,0
AA917,NymAA69,0,0,0,0,0,0,0,0,0,0,0,1,0,0,0,0,0,0
AA1008,NymAA70,0,0,0,0,0,0,0,0,0,0,0,0,0,0,0,0,0,0
AA1011,NymAA71,0,0,0,0,0,0,0,0,0,0,0,0,0,0,0,0,0,0
AA1012,NymAA72,0,0,0,0,0,0,0,0,0,0,0,1,0,0,0,0,0,0
AA1013,NymAA73,1,0,0,0,0,0,0,0,0,0,0,0,0,0,0,0,0,0
AA1014,NymAA74,0,0,0,0,0,0,0,0,0,0,0,1,0,0,0,0,0,0
AA1049,NymAA75,0,0,0,0,0,0,0,0,0,0,0,0,0,0,0,0,0,0
AA1092,NymAA76,0,0,0,0,0,0,0,0,0,0,0,0,0,0,0,0,0,0
AA1093,NymAA77,0,0,0,0,0,0,0,0,0,0,0,0,0,0,0,0,0,1
AA1096,NymAA78,0,0,0,0,0,0,0,0,0,0,0,1,0,0,0,0,0,0
AA1097,NymAA79,0,0,0,0,0,0,0,0,0,0,0,1,0,0,0,0,0,0
AA1098,NymAA80,0,0,0,0,0,0,0,0,0,0,0,0,0,0,0,0,0,0
AA1240,NymAA81,0,0,0,0,0,0,0,0,0,0,0,0,0,0,0,0,0,0
AA1241,NymAA82,0,0,0,0,0,0,0,0,0,0,0,0,0,0,0,0,0,0
AA1242,NymAA83,0,0,0,0,0,0,0,0,0,0,0,1,0,0,0,0,0,0
AA1243,NymAA84,0,0,0,0,0,0,0,0,0,0,0,1,0,0,0,0,0,1
AA1244,NymAA85,0,0,0,0,0,0,0,0,0,0,0,0,0,0,0,0,0,0
AA1245,NymAA86,0,0,0,0,0,0,0,0,0,0,0,0,0,0,0,0,0,0
AA1246,NymAA87,0,0,0,0,0,0,0,0,0,0,0,1,0,0,0,0,0,0
AA1247,NymAA88,0,0,0,0,0,0,0,0,0,0,0,0,0,0,0,0,0,0
AA1248,NymAA89,0,0,0,0,0,0,0,0,0,0,0,1,0,0,0,0,0,0
AA1249,NymAA90,0,0,0,0,0,0,0,0,0,0,0,1,0,0,0,0,0,0
AA1382,NymAA91,1,0,0,0,0,0,0,0,0,0,0,1,0,0,0,0,0,0
AA1383,NymAA92,0,0,0,0,0,0,0,0,0,0,0,0,0,0,0,0,0,0
AA1575,NymAA93,0,0,0,0,0,0,0,0,0,0,0,1,0,0,0,0,0,0
AA1576,NymAA94,0,0,0,0,0,0,0,0,0,0,0,1,0,0,0,0,0,0
AA1579,NymAA95,0,0,0,0,0,0,0,0,0,0,0,1,0,0,0,0,0,1
AA1580,NymAA96,0,0,0,0,0,0,0,0,0,0,0,1,0,0,0,0,0,0
AA1581,NymAA97,0,0,0,0,0,0,0,0,0,0,0,1,0,0,0,0,0,0
AA1600,NymAA98,0,0,0,0,0,0,0,0,0,0,0,0,0,0,0,0,0,0
AA1601,NymAA99,0,0,0,0,0,0,0,0,0,0,0,0,0,0,0,0,0,1
AA104,NymAA100,0,0,0,0,0,0,0,0,0,0,0,0,0,0,0,0,0,0
AA1665,NymAA101,0,0,0,0,0,0,0,0,0,0,0,1,0,0,0,0,0,0
AA1666,NymAA102,0,0,0,0,0,0,0,0,0,0,0,1,0,0,0,0,0,0
AA1007,NymAA103,0,0,0,0,0,0,0,0,0,0,0,0,0,0,0,0,0,0
AA144,NymAA104,0,0,0,0,0,0,0,0,0,0,0,0,0,0,0,0,0,0
AA145,NymAA105,0,0,0,0,0,0,0,0,0,0,0,0,0,0,0,0,0,0
AA639,NymAA106,0,0,0,0,0,0,0,0,0,0,0,1,0,0,0,0,0,0
AA1238,NymAA107,0,0,0,0,0,0,0,0,0,0,0,0,0,0,0,0,0,0
AA1239,NymAA108,0,0,0,0,0,0,0,0,0,0,0,0,0,0,0,0,0,0
AA1663,NymAA109,0,0,0,0,0,0,0,0,0,0,0,0,0,0,0,0,0,0
AA640,NymAA110,0,0,0,0,0,0,0,0,1,0,0,1,0,0,0,0,0,0
AA156,NymAA111,0,0,0,0,0,0,0,0,0,0,0,0,0,0,0,0,0,0
AA231,NymAA112,0,0,0,0,0,0,0,0,0,0,0,1,0,0,0,0,0,0
AA232,NymAA113,0,0,0,0,0,0,0,0,0,0,0,0,0,0,0,0,0,0
AA233,NymAA114,0,1,0,0,0,0,0,0,0,0,0,0,0,0,0,0,0,0
AA558,NymAA115,0,0,0,0,0,0,0,0,0,0,0,0,0,0,0,0,0,0
AA559,NymAA116,0,0,0,0,0,0,0,0,0,0,0,1,0,0,0,0,0,0
AA560,NymAA117,0,0,0,0,0,0,0,0,0,0,0,0,0,0,0,0,0,0
AA561,NymAA118,0,0,0,0,0,0,0,0,0,0,0,0,0,0,0,0,0,0
AA562,NymAA119,0,0,0,0,0,0,0,0,0,0,0,1,0,0,0,0,0,0
AA563,NymAA120,0,0,0,0,0,0,0,0,0,0,0,0,0,0,0,0,0,0
AA564,NymAA121,0,0,0,0,0,0,0,0,0,0,0,0,0,0,0,0,0,0
AA565,NymAA122,0,0,0,0,0,0,0,0,0,0,0,0,0,0,0,0,0,0
AA566,NymAA123,0,0,0,0,0,0,0,0,0,0,0,1,0,0,0,0,0,0
AA567,NymAA124,0,0,0,0,0,0,0,0,0,0,0,0,0,0,0,0,0,0
AA568,NymAA125,0,0,0,0,0,0,0,0,0,0,0,0,0,0,0,0,0,0
AA569,NymAA126,0,0,0,0,0,0,0,0,0,0,0,0,0,0,0,0,0,0
AA570,NymAA127,0,0,0,0,0,0,0,0,0,0,0,0,0,0,0,0,0,0
AA571,NymAA128,0,0,0,0,0,0,0,0,0,0,0,0,0,0,0,0,0,0
AA636,NymAA129,0,0,0,0,0,0,0,0,0,0,0,1,0,0,0,0,0,0
AA637,NymAA130,0,0,0,0,0,0,0,0,0,0,0,1,0,0,0,0,0,0
AA638,NymAA131,0,0,0,0,0,0,0,0,0,0,0,0,0,0,0,0,0,0
AA992,NymAA132,0,0,0,0,0,0,0,0,0,0,0,1,0,0,0,0,0,0
AA993,NymAA133,0,0,0,0,0,0,0,0,0,0,0,1,0,0,0,0,0,0
AA994,NymAA134,0,0,0,0,0,0,0,0,0,0,0,0,0,0,0,0,0,0
AA995,NymAA135,0,0,0,0,0,0,0,0,0,0,0,1,0,0,0,0,0,0
AA996,NymAA136,0,0,0,0,0,0,0,0,0,0,0,0,0,0,0,0,0,0
AA997,NymAA137,0,0,0,0,0,0,0,0,0,0,0,0,0,0,0,0,0,0
AA998,NymAA138,0,0,0,0,0,0,0,0,0,0,0,1,0,0,0,0,0,0
AA999,NymAA139,0,0,0,0,0,0,0,0,0,0,0,1,0,0,0,0,0,0
AA1000,NymAA140,0,0,0,0,0,0,0,0,0,0,0,1,0,0,0,0,0,0
AA1001,NymAA141,0,0,0,0,0,0,0,0,0,0,0,1,0,0,0,0,0,0
AA1002,NymAA142,0,0,0,0,0,0,0,0,0,0,0,0,0,0,0,0,0,0
AA1003,NymAA143,0,0,0,0,0,0,0,0,0,0,0,0,0,0,0,0,0,0
AA1004,NymAA144,0,0,0,0,0,0,0,0,0,0,0,1,0,0,0,0,0,0
AA1005,NymAA145,0,0,0,0,0,0,0,0,0,0,0,1,0,0,0,0,0,0
AA1006,NymAA146,0,0,0,0,0,0,0,0,0,0,0,0,0,0,0,0,0,0
AA1271,NymAA147,0,0,0,0,0,0,0,0,0,0,0,0,0,0,0,0,0,0
AA1272,NymAA148,0,0,0,0,0,0,0,0,0,0,0,1,0,0,0,0,0,0
AA1273,NymAA149,0,0,0,0,0,0,0,0,1,0,0,0,0,0,0,0,0,0
AA1274,NymAA150,0,0,0,0,0,0,0,0,0,0,0,1,0,0,0,0,0,0
AA1275,NymAA151,0,0,0,0,0,0,0,0,0,0,0,1,0,0,0,0,0,0
AA1276,NymAA152,0,0,0,0,0,0,0,0,0,0,0,1,0,0,0,0,0,0
AA1508,NymAA153,0,0,0,0,0,0,0,0,0,0,0,1,0,0,0,0,0,0
AA1509,NymAA154,0,0,0,0,0,0,0,0,0,0,0,0,0,0,0,0,0,0
AA3,NymAA155,0,0,0,0,0,0,0,0,0,0,0,0,0,0,0,0,0,0
AA20,NymAA156,0,0,0,0,0,0,0,0,0,0,0,1,0,0,0,0,0,0
AA21,NymAA157,0,0,0,0,0,0,0,0,0,0,0,0,0,0,0,0,0,0
AA22,NymAA158,0,0,0,0,0,0,0,0,0,0,0,1,0,0,0,0,0,0
AA149,NymAA159,0,0,0,0,0,0,0,0,0,0,0,1,0,0,0,0,0,0
AA310,NymAA160,0,0,0,0,0,0,0,0,0,0,0,0,0,0,0,0,0,0
AA311,NymAA161,0,0,0,0,0,0,0,0,0,0,0,0,0,0,0,0,0,0
AA312,NymAA162,0,0,0,0,0,0,0,0,0,0,0,1,0,0,0,0,0,0
AA313,NymAA163,0,0,0,0,0,0,0,0,0,0,0,0,0,0,0,0,0,0
AA314,NymAA164,0,0,0,0,0,0,0,0,0,0,0,1,0,0,0,0,0,0
AA315,NymAA165,0,0,0,0,0,0,0,0,0,0,0,1,0,0,0,0,0,0
AA353,NymAA166,0,0,0,0,0,0,0,0,0,0,0,0,0,0,0,0,0,1
AA354,NymAA167,0,0,0,0,0,0,0,0,0,0,0,0,0,0,0,0,0,0
AA355,NymAA168,0,0,0,0,0,0,0,0,0,0,0,1,0,0,0,0,0,0
AA356,NymAA169,0,0,0,0,0,0,0,0,0,0,0,1,0,0,0,0,0,0
AA756,NymAA170,0,0,0,0,0,0,0,0,0,0,0,0,0,0,0,0,0,0
AA757,NymAA171,0,0,0,0,0,0,0,0,0,0,0,0,0,0,0,0,0,0
AA758,NymAA172,0,0,0,0,0,0,0,0,0,0,0,1,0,0,0,0,0,1
AA759,NymAA173,0,0,0,0,0,0,0,0,0,0,0,0,0,0,0,0,0,0
AA760,NymAA174,0,0,0,0,0,0,0,0,0,0,0,0,0,0,0,0,0,0
AA761,NymAA175,0,0,0,0,0,0,0,0,0,0,0,0,0,0,0,0,0,0
AA762,NymAA176,0,0,0,0,0,0,0,0,0,0,0,0,0,0,0,0,0,0
AA763,NymAA177,0,0,0,0,0,0,0,0,0,0,0,0,0,0,0,0,0,0
AA764,NymAA178,0,0,0,0,0,0,0,0,0,0,0,0,0,0,0,0,0,0
AA765,NymAA179,0,0,0,0,0,0,0,0,0,0,0,0,0,0,0,0,0,0
AA766,NymAA180,0,0,0,0,0,0,0,0,0,0,0,1,0,0,0,0,0,0
AA767,NymAA181,0,0,0,0,0,0,0,0,0,0,0,0,0,0,0,0,0,0
AA768,NymAA182,0,0,0,0,0,0,0,0,0,0,0,1,0,0,0,0,0,0
AA769,NymAA183,0,0,0,0,0,0,0,0,0,0,0,0,0,0,0,0,0,0
AA1019,NymAA184,0,0,0,0,0,0,0,0,0,0,0,1,0,0,0,0,0,0
AA1020,NymAA185,0,0,0,0,0,0,0,0,0,0,0,0,0,0,0,0,0,0
AA1021,NymAA186,0,0,0,0,0,0,0,0,0,0,0,1,0,0,0,0,0,0
AA1257,NymAA187,0,0,0,0,0,0,0,0,0,0,0,0,0,0,0,0,0,0
AA1258,NymAA188,0,0,0,0,0,0,0,0,0,0,0,1,0,0,0,0,0,1
AA1259,NymAA189,0,0,0,0,0,0,0,0,0,0,0,1,0,0,0,0,0,0
AA1260,NymAA190,0,0,0,0,0,0,0,0,0,0,0,1,0,0,0,0,0,0
AA1667,NymAA191,0,0,0,0,0,0,0,0,0,0,0,1,0,0,0,0,0,0
AA1668,NymAA192,0,0,0,0,0,0,0,0,0,0,0,1,0,0,0,0,0,0
AA1669,NymAA193,0,0,0,0,0,0,0,0,0,0,0,1,0,0,0,0,0,0
AA8,NymAA194,0,0,0,0,0,0,0,0,0,0,0,0,0,0,0,0,0,0
AA9,NymAA195,0,0,0,0,0,0,0,0,0,0,0,1,0,0,0,0,0,0
AA343,NymAA196,0,0,0,0,0,0,0,0,0,0,0,1,0,0,0,0,0,0
AA344,NymAA197,0,0,0,0,0,0,0,0,0,0,0,0,0,0,0,0,0,0
AA345,NymAA198,0,0,0,0,0,0,0,0,0,0,0,1,0,0,0,0,0,0
AA346,NymAA199,0,0,0,0,0,0,0,0,0,0,0,1,0,0,0,0,0,0
AA347,NymAA200,0,0,0,0,0,0,0,0,0,0,0,0,0,0,0,0,0,1
AA348,NymAA201,0,0,0,0,0,0,0,0,0,0,0,0,0,0,0,0,0,0
AA349,NymAA202,0,0,0,0,0,0,0,0,0,0,0,1,0,0,0,0,0,0
AA350,NymAA203,0,0,0,0,0,0,0,0,0,0,0,1,0,0,0,0,0,0
AA1464,NymAA204,0,0,0,0,0,0,0,0,0,0,0,0,0,0,0,0,0,0
AA1465,NymAA205,0,0,0,0,0,0,0,0,0,0,0,0,0,0,0,0,0,0
AA1466,NymAA206,0,0,0,0,0,0,0,0,0,0,0,0,0,0,0,0,0,0
AA1485,NymAA207,0,0,0,0,0,0,0,0,0,0,0,0,0,0,0,0,0,0
AA1486,NymAA208,0,0,0,0,0,0,0,0,0,0,0,1,0,0,0,0,0,0
AA1487,NymAA209,0,0,0,0,0,0,0,0,0,0,0,0,0,0,0,0,0,0
AA1488,NymAA210,0,0,0,0,0,0,0,0,0,0,0,1,0,0,0,0,0,0
AA1489,NymAA211,0,0,0,0,0,0,0,0,0,0,0,0,0,0,0,0,0,0
AA1490,NymAA212,0,0,0,0,0,0,0,0,0,0,0,0,0,0,0,0,0,0
AA1491,NymAA213,0,0,0,0,0,0,0,0,0,0,0,1,0,0,0,0,0,0
AA1492,NymAA214,0,0,0,0,0,0,0,0,0,0,0,0,0,0,0,0,0,0
AA1493,NymAA215,0,1,0,0,0,0,0,0,0,0,0,1,0,0,0,0,0,0
AA65,NymAA216,0,0,0,0,0,0,0,0,0,0,0,1,0,0,0,0,0,1
AA48,NymAA217,0,0,0,0,0,0,0,0,0,0,0,1,0,0,0,0,0,0
AA49,NymAA218,0,0,0,0,0,0,0,0,0,0,0,1,0,0,0,0,0,0
AA50,NymAA219,0,0,0,0,0,0,0,0,0,0,0,0,0,0,0,0,0,0
AA51,NymAA220,0,0,0,0,0,0,0,1,1,0,0,0,0,0,0,0,0,0
AA52,NymAA221,0,0,0,0,0,0,0,0,0,0,0,0,0,0,0,0,0,0
AA53,NymAA222,0,0,0,0,0,0,0,0,0,0,0,0,0,0,0,0,0,0
AA54,NymAA223,0,0,0,0,0,0,0,0,0,0,0,0,0,0,0,0,0,0
AA55,NymAA224,1,0,0,0,0,0,0,0,0,0,0,0,0,0,0,0,0,0
AA56,NymAA225,0,0,0,0,0,0,0,0,0,0,0,0,0,0,0,0,0,0
AA57,NymAA226,0,0,0,0,0,0,0,0,0,0,0,1,0,0,0,0,0,0
AA58,NymAA227,0,0,0,0,0,0,0,0,0,0,0,1,0,0,0,0,0,0
AA59,NymAA228,0,0,0,0,0,0,0,0,0,0,0,1,0,0,0,0,0,1
AA169,NymAA229,0,0,0,0,0,0,0,0,0,0,0,0,0,0,0,0,0,0
AA170,NymAA230,0,0,0,0,0,0,0,0,0,0,0,1,0,0,0,0,0,0
AA171,NymAA231,0,0,0,0,0,0,0,0,0,0,0,0,0,0,0,0,0,0
AA172,NymAA232,0,0,0,0,0,0,0,0,0,0,0,0,0,0,0,0,0,0
AA173,NymAA233,0,0,0,0,0,0,0,0,0,0,0,1,0,0,0,0,0,0
AA174,NymAA234,0,0,0,0,0,0,0,0,0,0,0,1,0,0,0,0,0,0
AA194,NymAA235,0,0,0,0,0,0,0,0,0,0,0,1,0,0,0,0,0,0
AA195,NymAA236,0,1,0,0,0,0,0,0,0,0,0,1,0,0,0,0,0,0
AA196,NymAA237,0,0,0,0,0,0,0,0,0,0,0,0,0,0,0,0,0,0
AA197,NymAA238,0,0,0,0,0,0,0,0,0,0,0,0,0,0,0,0,0,0
AA198,NymAA239,0,0,0,0,0,0,0,0,0,1,0,0,0,0,0,0,0,0
AA199,NymAA240,0,0,0,0,0,0,0,0,0,0,0,1,0,0,0,0,0,0
AA591,NymAA241,0,0,0,0,0,0,0,0,0,0,0,0,0,0,0,0,0,0
AA586,NymAA242,0,0,0,0,0,0,0,0,0,0,0,0,0,0,0,0,0,0
AA587,NymAA243,0,0,0,0,0,0,0,0,0,0,0,1,0,0,0,0,0,0
AA588,NymAA244,0,0,0,0,0,0,0,0,0,0,0,0,0,0,0,0,0,0
AA589,NymAA245,0,0,0,0,0,0,0,0,0,1,0,0,0,0,0,0,0,0
AA590,NymAA246,0,0,0,0,0,0,0,0,0,1,0,1,0,0,0,0,0,0
AA620,NymAA247,0,0,0,0,0,0,0,0,0,0,0,1,0,0,0,0,0,0
AA621,NymAA248,0,0,0,0,0,0,0,0,0,0,0,1,0,0,0,0,0,0
AA622,NymAA249,0,0,0,0,0,0,0,0,0,0,0,0,0,0,0,0,0,0
AA623,NymAA250,0,0,0,0,0,0,0,0,0,0,0,0,0,0,0,0,0,0
AA624,NymAA251,0,0,0,0,0,0,0,0,0,0,0,0,0,0,0,0,0,0
AA625,NymAA252,0,0,0,0,0,0,0,0,0,0,0,1,0,0,0,0,0,1
AA920,NymAA253,0,0,0,0,0,0,0,0,0,0,0,0,0,0,0,0,0,0
AA921,NymAA254,0,0,0,0,0,0,0,0,0,0,0,1,0,0,0,0,0,0
AA922,NymAA255,0,0,0,0,0,0,0,0,0,0,0,0,0,0,0,0,0,0
AA923,NymAA256,0,0,0,0,0,0,0,0,0,0,0,1,0,0,0,0,0,0
AA924,NymAA257,0,0,0,0,0,0,0,0,0,0,0,1,0,0,0,0,0,0
AA957,NymAA258,0,0,0,0,0,0,0,0,0,0,0,0,0,0,0,0,0,0
AA958,NymAA259,0,0,0,0,0,0,0,0,0,0,0,1,0,0,0,0,0,0
AA959,NymAA260,0,0,0,0,0,0,0,0,0,1,0,1,0,0,0,0,0,0
AA971,NymAA261,0,0,0,0,0,0,0,0,0,0,0,0,0,0,0,0,0,0
AA972,NymAA262,0,0,0,0,0,0,0,0,0,0,0,0,0,0,0,0,0,0
AA977,NymAA263,0,0,0,0,0,0,0,0,0,0,0,1,0,0,0,0,0,0
AA989,NymAA264,0,0,0,0,0,0,0,0,0,0,0,0,0,0,0,0,0,0
AA1191,NymAA265,0,0,0,0,0,0,0,0,0,0,0,1,0,0,0,0,0,0
AA1192,NymAA266,0,0,0,0,0,0,0,0,0,0,0,0,0,0,0,0,0,0
AA1193,NymAA267,0,0,0,0,0,0,0,0,0,0,0,0,0,0,0,0,0,0
AA1194,NymAA268,0,0,0,0,0,0,0,0,0,0,0,0,0,0,0,0,0,0
AA1195,NymAA269,0,0,0,0,0,0,0,0,0,0,0,0,0,0,0,0,0,0
AA1196,NymAA270,0,0,0,0,0,0,0,0,0,0,0,1,0,0,0,0,0,0
AA1197,NymAA271,0,0,0,0,0,0,0,0,0,0,0,1,0,0,0,0,0,0
AA1198,NymAA272,0,0,0,0,0,0,0,0,0,0,0,1,0,0,0,0,0,0
AA1199,NymAA273,0,0,0,0,0,0,0,0,0,0,0,0,0,0,0,0,0,0
AA1200,NymAA274,0,0,0,0,0,0,0,0,0,1,0,1,0,0,0,0,0,0
AA1201,NymAA275,0,0,0,0,0,0,0,0,0,0,0,1,0,0,0,0,0,0
AA1202,NymAA276,0,0,0,0,0,0,0,0,0,0,0,0,0,0,0,0,0,0
AA1290,NymAA277,0,0,0,0,0,0,0,0,0,0,0,0,0,0,0,0,0,0
AA1291,NymAA278,0,0,0,0,0,0,0,0,0,0,0,1,0,0,0,0,0,0
AA1316,NymAA279,0,0,0,0,0,0,0,0,0,0,0,1,0,0,0,0,0,0
AA1317,NymAA280,0,0,0,0,0,0,0,0,0,0,0,1,0,0,0,0,0,0
AA1318,NymAA281,0,0,0,0,0,0,0,0,0,0,0,1,0,0,0,0,0,0
AA1319,NymAA282,0,0,0,0,0,0,0,0,0,0,0,1,0,0,0,0,0,0
AA1320,NymAA283,0,0,0,0,0,0,0,0,0,0,0,0,0,0,0,0,0,1
AA1321,NymAA284,0,0,0,0,0,0,0,0,0,0,0,1,0,0,0,0,0,0
AA1322,NymAA285,0,0,0,0,0,0,0,0,0,0,0,0,0,0,0,0,0,0
AA1323,NymAA286,0,0,0,0,0,0,0,0,0,0,0,0,0,0,0,0,0,0
AA1324,NymAA287,0,0,0,0,0,0,0,0,0,0,0,0,0,0,0,0,0,0
AA1325,NymAA288,0,0,0,0,0,0,0,0,0,0,0,0,0,0,0,0,0,0
AA1624,NymAA289,0,0,0,0,0,0,0,0,0,0,0,1,0,0,0,0,0,0
AA1625,NymAA290,1,0,0,0,0,0,0,0,0,0,0,1,0,0,0,0,0,0
AA1626,NymAA291,0,0,0,0,0,0,0,0,0,0,0,0,0,0,0,0,0,0
AA1627,NymAA292,0,0,0,0,0,0,0,0,0,0,0,0,0,0,0,0,0,0
AA1628,NymAA293,0,0,0,0,0,0,0,0,0,0,0,0,0,0,0,0,0,0
AA1629,NymAA294,0,0,0,0,0,0,0,0,0,0,0,0,0,0,0,0,0,1
AA1630,NymAA295,0,0,0,0,0,0,0,0,0,0,0,0,0,0,0,0,0,0
AA1631,NymAA296,0,0,0,0,0,0,0,0,0,0,0,0,0,0,0,0,0,0
AA1632,NymAA297,0,0,0,0,0,0,0,0,0,0,0,0,0,0,0,0,0,0
AA1633,NymAA298,0,0,0,0,0,0,0,0,0,0,0,0,0,0,0,0,0,0
AA1634,NymAA299,0,0,0,0,0,0,0,0,0,0,0,0,0,0,0,0,0,0
AA1635,NymAA300,0,0,0,0,0,0,0,0,0,0,0,1,0,0,0,0,0,0
AA4,NymAA301,0,0,0,0,0,0,0,0,0,0,0,0,0,0,0,0,0,0
AA5,NymAA302,0,0,0,0,0,0,0,0,0,0,0,1,0,0,0,0,0,0
AA11,NymAA303,0,0,0,0,0,0,0,0,0,0,0,1,0,0,0,0,0,0
AA16,NymAA304,0,0,0,0,0,0,0,0,0,0,0,1,0,0,0,0,0,0
AA12,NymAA305,0,0,0,0,0,0,0,0,0,0,0,1,0,0,0,0,0,0
AA13,NymAA306,0,0,0,0,0,0,0,0,0,0,0,0,0,0,0,0,0,0
AA14,NymAA307,0,0,0,0,0,0,0,0,0,0,0,1,0,0,0,0,0,0
AA15,NymAA308,0,0,0,0,0,0,0,0,0,0,0,0,0,0,0,0,0,0
AA18,NymAA309,0,0,0,0,0,0,0,0,0,0,0,1,0,0,0,0,0,0
AA19,NymAA310,0,0,0,0,0,0,0,0,0,0,0,0,0,0,0,0,0,0
AA76,NymAA311,0,0,0,0,0,0,0,0,0,0,0,0,0,0,0,0,0,0
AA92,NymAA312,0,0,0,0,0,0,0,0,0,0,0,0,0,0,0,0,0,0
AA103,NymAA313,0,0,0,0,0,0,0,0,0,0,0,0,0,0,0,0,0,0
AA102,NymAA314,0,0,0,0,0,0,0,0,0,0,0,0,0,0,0,0,0,0
AA88,NymAA315,0,0,0,0,0,0,0,0,0,0,0,1,0,0,0,0,0,0
AA79,NymAA316,0,0,0,0,0,0,0,0,0,0,0,1,0,0,0,0,0,0
AA80,NymAA317,0,0,0,0,0,0,0,0,0,0,0,1,0,0,0,0,0,0
AA98,NymAA318,0,0,0,0,0,0,0,0,0,0,0,0,0,0,0,0,0,0
AA95,NymAA319,0,0,0,0,0,0,0,0,0,0,0,0,0,0,0,0,0,0
AA96,NymAA320,0,0,0,0,0,0,0,0,0,0,0,0,0,0,0,0,0,0
AA241,NymAA321,0,0,0,0,0,0,0,0,0,0,0,0,0,0,0,0,0,0
AA254,NymAA322,0,0,0,0,0,0,0,0,0,0,0,0,0,0,0,0,0,0
AA255,NymAA323,0,0,0,0,0,0,0,0,0,0,0,1,0,0,0,0,0,0
AA245,NymAA324,0,0,0,0,0,0,0,0,0,0,0,0,0,0,0,0,0,0
AA246,NymAA325,0,0,0,0,0,0,0,0,0,0,0,1,0,0,0,0,0,0
AA247,NymAA326,0,0,0,0,0,0,0,0,0,0,0,0,0,0,0,0,0,0
AA237,NymAA327,0,0,0,0,0,0,0,0,0,0,0,1,0,0,0,0,0,0
AA238,NymAA328,0,0,0,0,0,0,0,0,0,0,0,1,0,0,0,0,0,0
AA374,NymAA329,0,0,0,0,0,0,0,0,0,0,0,1,0,0,0,0,0,0
AA376,NymAA330,0,0,0,0,0,0,0,0,0,0,0,1,0,0,0,0,0,0
AA379,NymAA331,0,0,0,0,0,0,0,0,0,0,0,1,0,0,0,0,0,0
AA380,NymAA332,0,0,0,0,0,0,0,0,0,0,0,1,0,0,0,0,0,0
AA381,NymAA333,0,0,0,0,0,0,0,0,0,0,0,1,0,0,0,0,0,0
AA382,NymAA334,0,0,0,0,0,0,0,0,0,0,0,1,0,0,0,0,0,0
AA680,NymAA335,1,0,0,0,0,0,0,0,0,0,0,1,0,0,0,0,0,0
AA702,NymAA336,0,0,0,0,0,0,0,0,0,0,0,0,0,0,0,0,0,1
AA739,NymAA337,0,0,0,0,0,0,0,0,0,0,0,1,0,0,0,0,0,1
AA698,NymAA338,0,0,0,0,0,0,0,0,0,0,0,1,0,0,0,0,0,0
AA699,NymAA339,0,0,0,0,0,0,0,0,0,0,0,0,0,0,0,0,0,0
AA700,NymAA340,0,0,0,0,0,0,0,0,0,0,0,1,0,0,0,0,0,0
AA727,NymAA341,0,0,0,0,0,0,0,0,0,0,0,0,0,0,0,0,0,0
AA728,NymAA342,0,0,0,0,0,0,0,0,0,0,0,0,0,0,0,0,0,0
AA729,NymAA343,0,0,0,0,0,0,0,0,0,0,0,1,0,0,0,0,0,0
AA734,NymAA344,0,0,0,0,0,0,0,0,0,0,0,0,0,0,0,0,0,0
AA735,NymAA345,0,0,0,0,0,0,0,0,0,0,0,0,0,0,0,0,0,1
AA684,NymAA346,0,0,0,0,0,0,0,0,0,0,0,0,0,0,0,0,0,0
AA685,NymAA347,0,0,0,0,0,0,0,0,0,0,0,0,0,0,0,0,0,0
AA686,NymAA348,0,0,0,0,0,0,0,0,0,0,0,0,0,0,0,0,0,0
AA687,NymAA349,0,0,0,0,0,0,0,0,0,0,0,0,0,0,0,0,0,0
AA748,NymAA350,0,0,0,0,0,0,0,0,0,0,0,1,0,0,0,0,0,0
AA1056,NymAA351,0,0,0,0,0,0,0,0,0,0,0,1,0,0,0,0,0,1
AA1079,NymAA352,0,0,0,0,0,0,0,0,0,0,0,0,0,0,0,0,0,0
AA1080,NymAA353,0,0,0,0,0,0,0,0,0,0,0,1,0,0,0,0,0,0
AA1081,NymAA354,0,0,0,0,0,0,0,0,0,0,0,1,0,0,0,0,0,0
AA1053,NymAA355,0,0,0,0,0,0,0,0,0,0,0,0,0,0,0,0,0,0
AA1054,NymAA356,0,0,0,0,0,0,0,0,0,0,0,0,0,0,0,0,0,0
AA1055,NymAA357,0,0,0,0,0,0,0,0,0,0,0,1,0,0,0,0,0,0
AA1288,NymAA358,0,0,0,0,0,0,0,0,0,0,0,0,0,0,0,0,0,0
AA1281,NymAA359,0,0,0,0,0,0,0,0,0,0,0,1,0,0,0,0,0,0
AA1280,NymAA360,0,0,0,0,0,0,0,0,0,0,0,1,0,0,0,0,0,0
AA1283,NymAA361,0,0,0,0,0,0,0,0,0,0,0,1,0,0,0,0,0,0
AA1287,NymAA362,0,0,0,0,0,0,0,0,0,0,0,0,0,0,0,0,0,0
AA1284,NymAA363,0,0,0,0,0,0,0,0,0,0,0,1,0,0,0,0,0,0
AA1589,NymAA364,0,0,0,0,0,0,0,0,0,0,0,0,0,0,0,0,0,0
AA1584,NymAA365,0,0,0,0,0,0,0,0,0,0,0,0,0,0,0,0,0,0
AA1585,NymAA366,0,0,0,0,0,0,0,0,0,0,0,1,0,0,0,0,0,0
AA1596,NymAA367,0,0,0,0,0,0,0,0,0,0,0,0,0,0,0,0,0,0
AA1597,NymAA368,0,0,0,0,0,0,0,0,0,0,0,1,0,0,0,0,0,0
AA1593,NymAA369,0,0,0,0,0,0,0,0,0,0,0,0,0,0,0,0,0,0
AA1704,NymAA370,0,0,0,0,0,0,0,0,0,0,0,0,0,0,0,0,0,0
AA1710,NymAA371,0,0,0,0,0,0,0,0,0,0,0,0,0,0,0,0,0,0
AA1700,NymAA372,0,0,0,0,0,0,0,0,0,0,0,0,0,0,0,0,0,0
AA1701,NymAA373,0,0,0,0,0,0,0,0,0,0,0,0,0,0,0,0,0,0
AA1712,NymAA374,0,0,0,0,0,0,0,0,0,0,0,0,0,0,0,0,0,0
AA28,NymAA375,0,0,0,0,0,0,0,0,0,0,0,0,0,0,0,0,0,0
AA29,NymAA376,0,0,0,0,0,0,0,0,0,0,0,0,0,0,0,0,0,0
AA30,NymAA377,0,0,0,0,0,0,0,0,0,0,0,1,0,0,0,0,0,0
AA31,NymAA378,0,0,0,0,0,0,0,0,0,0,0,0,0,0,0,0,0,0
AA32,NymAA379,0,0,0,0,0,0,0,0,0,0,0,1,0,0,0,0,0,0
AA33,NymAA380,0,0,0,0,0,0,0,0,0,0,0,1,0,0,0,0,0,0
AA34,NymAA381,0,0,0,0,0,0,0,0,0,0,0,1,0,0,0,0,0,0
AA35,NymAA382,0,0,0,0,0,0,0,0,0,0,0,0,0,0,0,0,0,0
AA36,NymAA383,0,0,0,0,0,0,0,0,0,0,0,1,0,0,0,0,0,0
AA37,NymAA384,0,0,0,0,0,0,0,0,0,0,0,1,0,0,0,0,0,0
AA38,NymAA385,0,0,0,0,0,0,0,0,0,0,0,1,0,0,0,0,0,0
AA39,NymAA386,0,0,0,0,0,0,0,0,0,0,0,1,0,0,0,0,0,0
AA40,NymAA387,0,0,0,0,0,0,0,0,0,0,0,0,0,0,0,0,0,0
AA41,NymAA388,0,0,0,0,0,0,0,0,0,0,0,0,0,0,0,0,0,0
AA42,NymAA389,0,0,0,0,0,0,0,0,0,0,0,1,0,0,0,0,0,0
AA43,NymAA390,0,0,0,0,0,0,0,0,0,0,0,1,0,0,0,0,0,0
AA44,NymAA391,0,0,0,0,0,0,0,0,0,0,0,1,0,0,0,0,0,0
AA45,NymAA392,0,0,0,0,0,0,0,0,0,0,0,1,0,0,0,0,0,0
AA125,NymAA393,0,0,0,0,0,0,0,0,0,0,0,1,0,0,0,0,0,0
AA126,NymAA394,0,0,0,0,0,0,0,0,0,0,0,0,0,0,0,0,0,0
AA127,NymAA395,0,0,0,0,0,0,0,0,0,0,0,0,0,0,0,0,0,0
AA128,NymAA396,0,0,0,0,0,0,0,0,0,0,0,0,0,0,0,0,0,0
AA129,NymAA397,0,0,0,0,0,0,0,0,0,0,0,0,0,0,0,0,0,0
AA130,NymAA398,0,0,0,0,0,0,0,0,0,0,0,1,0,0,0,0,0,0
AA131,NymAA399,0,0,0,0,0,0,0,0,0,0,0,1,0,0,0,0,0,0
AA132,NymAA400,0,0,0,0,0,0,0,0,0,0,0,1,0,0,0,0,0,0
AA133,NymAA401,0,0,0,0,0,0,0,0,0,0,0,0,0,0,0,0,0,0
AA134,NymAA402,0,0,0,0,0,0,0,0,0,0,0,0,0,0,0,0,0,0
AA135,NymAA403,0,0,0,0,0,0,0,0,0,0,0,1,0,0,0,0,0,0
AA136,NymAA404,0,0,0,0,0,0,0,0,0,0,0,0,0,0,0,0,0,1
AA137,NymAA405,0,0,0,0,0,0,0,0,0,0,0,0,0,0,0,0,0,0
AA138,NymAA406,0,0,0,0,0,0,0,0,0,0,0,1,0,0,0,0,0,0
AA139,NymAA407,0,0,0,0,0,0,0,0,0,0,0,1,0,0,0,0,0,0
AA140,NymAA408,0,0,0,0,0,0,0,0,0,0,0,1,0,0,0,0,0,0
AA141,NymAA409,0,0,0,0,0,0,0,0,0,0,0,1,0,0,0,0,0,0
AA263,NymAA410,0,0,0,0,0,0,0,0,0,0,0,0,0,0,0,0,0,0
AA264,NymAA411,0,0,0,0,0,0,0,0,0,0,0,1,0,0,0,0,0,0
AA265,NymAA412,0,0,0,0,0,0,0,0,0,0,0,1,0,0,0,0,0,0
AA266,NymAA413,0,0,0,0,0,0,0,0,0,0,0,1,0,0,0,0,0,0
AA267,NymAA414,0,0,0,0,0,0,0,0,0,0,0,1,0,0,0,0,0,0
AA268,NymAA415,0,0,0,0,0,0,0,0,0,0,0,0,0,0,0,0,0,0
AA269,NymAA416,0,0,0,0,0,0,0,0,0,0,0,1,0,0,0,0,0,0
AA270,NymAA417,0,0,0,0,0,0,0,0,0,0,0,0,0,0,0,0,0,0
AA271,NymAA418,0,0,0,0,0,0,0,0,0,0,0,0,0,0,0,0,0,0
AA272,NymAA419,0,0,0,0,0,0,0,0,0,0,0,1,0,0,0,0,0,0
AA279,NymAA420,0,0,0,0,0,0,0,0,1,0,0,0,0,0,0,0,0,0
AA280,NymAA421,0,0,0,0,0,0,0,0,0,0,0,1,0,0,0,0,0,0
AA281,NymAA422,0,0,0,0,0,0,0,0,0,0,0,0,0,0,0,0,0,0
AA282,NymAA423,0,0,0,0,0,0,0,0,0,0,0,0,0,0,0,0,0,0
AA283,NymAA424,0,0,0,0,0,0,0,0,0,0,0,1,0,0,0,0,0,0
AA284,NymAA425,0,0,0,0,0,0,0,0,0,0,0,0,0,0,0,0,0,0
AA285,NymAA426,0,0,0,0,0,0,0,0,0,0,0,0,0,0,0,0,0,0
AA295,NymAA427,0,0,0,0,0,0,0,0,0,0,0,1,0,0,0,0,0,0
AA296,NymAA428,0,0,0,0,0,0,0,0,0,0,0,0,0,0,0,0,0,0
AA297,NymAA429,0,0,0,0,0,0,0,0,0,0,0,0,0,0,0,0,0,0
AA298,NymAA430,0,0,0,0,0,0,0,0,0,0,0,1,0,0,0,0,0,0
AA299,NymAA431,0,0,0,0,0,0,0,0,0,0,0,1,0,0,0,0,0,0
AA300,NymAA432,0,0,0,0,0,0,0,0,0,0,0,1,0,0,0,0,0,0
AA301,NymAA433,0,0,0,0,0,0,0,0,0,0,0,0,0,0,0,0,0,0
AA446,NymAA434,0,0,0,0,0,0,0,0,0,0,0,0,0,0,0,0,0,0
AA447,NymAA435,0,0,0,0,0,0,0,0,0,0,0,0,0,0,0,0,0,0
AA448,NymAA436,0,0,0,0,0,0,0,0,0,0,0,0,0,0,0,0,0,0
AA449,NymAA437,0,0,0,0,0,0,0,0,0,0,0,1,0,0,0,0,0,0
AA450,NymAA438,0,0,0,0,0,0,0,0,0,0,0,1,0,0,0,0,0,0
AA451,NymAA439,0,0,0,0,0,0,0,0,0,0,0,0,0,0,0,0,0,0
AA452,NymAA440,0,0,0,0,0,0,0,0,0,0,0,0,0,0,0,0,0,0
AA453,NymAA441,0,0,0,0,0,0,0,0,0,0,0,0,0,0,0,0,0,0
AA454,NymAA442,0,0,0,0,0,0,0,0,0,0,0,1,0,0,0,0,0,0
AA455,NymAA443,0,0,0,0,0,0,0,0,0,0,0,1,0,0,0,0,0,0
AA474,NymAA444,0,0,0,0,0,0,0,0,0,0,0,1,0,0,0,0,0,0
AA829,NymAA445,0,0,0,0,0,0,0,0,0,0,0,0,0,0,0,0,0,0
AA830,NymAA446,0,0,0,0,0,0,0,0,0,0,0,0,0,0,0,0,0,0
AA831,NymAA447,0,0,0,0,0,0,0,0,0,0,0,0,0,0,0,0,0,0
AA832,NymAA448,0,0,0,0,0,0,0,0,0,0,0,1,0,0,0,0,0,0
AA833,NymAA449,0,0,0,0,0,0,0,0,0,0,0,0,0,0,0,0,0,0
AA834,NymAA450,0,0,0,0,0,0,0,0,0,0,0,0,0,0,0,0,0,0
AA835,NymAA451,0,0,0,0,0,0,0,0,0,0,0,0,0,0,0,0,0,0
AA836,NymAA452,0,0,0,0,0,0,0,0,0,0,0,0,0,0,0,0,0,0
AA837,NymAA453,0,0,0,0,0,0,0,0,0,0,0,0,0,0,0,0,0,0
AA838,NymAA454,0,0,0,0,0,0,0,0,0,0,0,1,0,0,0,0,0,0
AA839,NymAA455,0,0,0,0,0,0,0,0,0,0,0,1,0,0,0,0,0,0
AA872,NymAA456,0,0,0,0,0,0,0,0,0,0,0,1,0,0,0,0,0,0
AA873,NymAA457,0,0,0,0,0,0,0,0,0,0,0,1,0,0,0,0,0,0
AA874,NymAA458,0,0,0,0,0,0,0,0,0,0,0,0,0,0,0,0,0,1
AA875,NymAA459,0,0,0,0,0,0,0,0,0,0,0,0,0,0,0,0,0,0
AA876,NymAA460,0,0,0,0,0,0,0,0,0,0,0,0,0,0,0,0,0,0
AA877,NymAA461,0,0,0,0,0,0,0,0,0,0,0,0,0,0,0,0,0,0
AA1122,NymAA462,0,0,0,0,0,0,0,0,0,0,0,0,0,0,0,0,0,0
AA1123,NymAA463,0,0,0,0,0,0,0,0,0,0,0,0,0,0,0,0,0,0
AA1124,NymAA464,0,0,0,0,0,0,0,0,0,0,0,1,0,0,0,0,0,0
AA1125,NymAA465,0,0,0,0,0,0,0,0,0,0,0,0,0,0,0,0,0,0
AA1126,NymAA466,0,0,0,0,0,0,0,0,0,0,0,0,0,0,0,0,0,0
AA1127,NymAA467,0,0,0,0,0,0,0,0,0,0,0,0,0,0,0,0,0,0
AA1128,NymAA468,0,0,0,0,0,0,0,0,0,0,0,0,0,0,0,0,0,0
AA1129,NymAA469,0,0,0,0,0,0,0,0,0,0,0,0,0,0,0,0,0,0
AA1130,NymAA470,0,0,0,0,0,0,0,0,0,0,0,0,0,0,0,0,0,0
AA1131,NymAA471,0,0,0,0,0,0,0,0,0,0,0,0,0,0,0,0,0,0
AA1132,NymAA472,0,0,0,0,0,0,0,0,0,0,0,0,0,0,0,0,0,0
AA1133,NymAA473,0,0,0,0,0,0,0,0,0,0,0,1,0,0,0,0,0,0
AA1140,NymAA474,0,0,0,0,0,0,0,0,0,0,0,1,0,0,0,0,0,0
AA1141,NymAA475,0,0,0,0,0,0,0,0,0,1,0,0,0,0,0,0,0,0
AA1142,NymAA476,0,0,0,0,0,0,0,0,0,1,0,1,0,0,0,0,0,0
AA1143,NymAA477,0,0,0,0,0,0,0,0,0,0,0,0,0,0,0,0,0,0
AA1144,NymAA478,0,0,0,0,0,0,0,0,0,0,0,0,0,0,0,0,0,0
AA1384,NymAA479,0,1,0,0,0,0,0,0,0,0,0,1,0,0,0,0,0,0
AA1385,NymAA480,0,0,0,0,0,0,0,0,0,0,0,1,0,0,0,0,0,0
AA1386,NymAA481,0,0,0,0,0,0,0,0,0,1,0,1,0,0,0,0,0,0
AA1387,NymAA482,0,0,0,0,0,0,0,0,0,0,0,1,0,0,0,0,0,0
AA1388,NymAA483,0,0,0,0,0,0,0,0,0,0,0,0,0,0,0,0,0,0
AA1389,NymAA484,0,0,0,0,0,0,0,0,0,0,0,0,0,0,0,0,0,1
AA1390,NymAA485,0,0,0,0,0,0,0,0,0,0,0,0,0,0,0,0,0,0
AA1391,NymAA486,0,0,0,0,0,0,0,0,0,0,0,0,0,0,0,0,0,0
AA1392,NymAA487,0,0,0,0,0,0,0,0,0,0,0,1,0,0,0,0,0,0
AA1393,NymAA488,0,0,0,0,0,1,0,0,0,0,0,0,0,0,0,0,0,0
AA1394,NymAA489,0,0,0,0,0,0,0,0,0,0,0,1,0,0,0,0,0,0
AA1395,NymAA490,0,0,0,0,0,0,0,0,0,0,0,0,0,0,0,0,0,0
AA1396,NymAA491,0,0,0,0,0,0,0,0,0,0,0,0,0,0,0,0,0,0
AA1397,NymAA492,0,0,0,0,0,0,0,0,0,0,0,0,0,0,0,0,0,0
AA1398,NymAA493,0,0,0,0,0,0,0,0,0,0,0,0,0,0,0,0,0,0
AA1399,NymAA494,0,0,0,0,0,0,0,0,0,0,0,0,0,0,0,0,0,0
AA1400,NymAA495,0,0,0,0,0,0,0,0,0,0,0,1,0,0,0,0,0,1
AA1551,NymAA496,0,0,0,0,0,0,0,0,0,0,0,1,0,0,0,0,0,0
AA1552,NymAA497,0,0,0,0,0,0,0,0,0,0,0,0,0,0,0,0,0,0
AA1553,NymAA498,0,0,0,0,0,0,0,0,0,0,0,0,0,0,0,0,0,0
AA1554,NymAA499,0,0,0,0,0,0,0,0,0,0,0,0,0,0,0,0,0,0
AA1555,NymAA500,0,0,0,0,0,0,0,0,0,0,0,0,0,0,0,0,0,0
AA1556,NymAA501,0,0,0,0,0,0,0,0,0,0,0,1,0,0,0,0,0,0
AA1568,NymAA502,0,0,0,0,0,0,0,0,0,0,0,1,0,0,0,0,0,0
AA1558,NymAA503,0,0,0,0,0,0,0,0,0,0,0,0,0,0,0,0,0,0
AA1559,NymAA504,0,0,0,0,0,0,0,0,0,0,0,0,0,0,0,0,0,0
AA1560,NymAA505,0,0,0,0,0,0,0,0,0,0,0,0,0,0,0,0,0,0
AA1561,NymAA506,0,0,0,0,0,0,0,0,0,0,0,1,0,0,0,0,0,0
AA1562,NymAA507,0,0,0,0,0,0,0,0,0,0,0,1,0,0,0,0,0,0
AA1563,NymAA508,0,0,0,0,0,0,0,0,0,0,0,1,0,0,0,0,0,0
AA1564,NymAA509,0,0,0,0,0,0,0,0,0,0,0,0,0,0,0,0,0,0
AA1565,NymAA510,0,0,0,0,0,0,0,0,0,0,0,0,0,0,0,0,0,0
AA1566,NymAA511,0,0,0,0,0,0,0,0,0,0,0,1,0,0,0,0,0,0
AA1567,NymAA512,0,0,0,0,0,0,0,0,0,0,0,0,0,0,0,0,0,0
AA158,NymAA513,0,0,0,0,0,0,0,0,0,0,0,1,0,0,0,0,0,0
AA159,NymAA514,0,0,0,0,0,0,0,0,0,0,0,1,0,0,0,0,0,0
AA160,NymAA515,0,0,0,0,0,0,0,0,0,0,0,1,0,0,0,0,0,0
AA161,NymAA516,0,0,0,0,0,0,0,0,0,0,0,0,0,0,0,0,0,0
AA162,NymAA517,0,0,0,0,0,0,0,0,0,0,0,0,0,0,0,0,0,0
AA163,NymAA518,0,0,0,0,0,0,0,0,0,0,0,1,0,0,0,0,0,0
AA324,NymAA519,0,0,0,0,0,0,0,0,0,0,0,0,0,0,0,0,0,0
AA329,NymAA520,0,0,0,0,0,0,0,0,0,0,0,1,0,0,0,0,0,0
AA330,NymAA521,0,0,0,0,0,0,0,0,0,0,0,0,0,0,0,0,0,0
AA331,NymAA522,0,0,0,0,0,0,0,0,0,0,0,1,0,0,0,0,0,0
AA332,NymAA523,0,0,0,0,0,0,0,0,0,0,0,0,0,0,0,0,0,0
AA333,NymAA524,0,0,0,0,0,0,0,0,0,0,0,0,0,0,0,0,0,0
AA334,NymAA525,0,0,0,0,0,0,0,0,0,0,0,1,0,0,0,0,0,0
AA335,NymAA526,0,0,0,0,0,0,0,0,0,0,0,1,0,0,0,0,0,0
AA336,NymAA527,0,0,0,0,0,0,0,0,0,1,0,1,0,0,0,0,0,0
AA337,NymAA528,0,0,0,0,0,0,0,0,0,0,0,1,0,0,0,0,0,0
AA338,NymAA529,0,0,0,0,0,0,0,0,0,0,0,1,0,0,0,0,0,0
AA522,NymAA530,0,0,0,0,0,0,0,0,0,0,0,1,0,0,0,0,0,0
AA523,NymAA531,0,0,0,0,0,0,0,0,0,0,0,1,0,0,0,0,0,0
AA524,NymAA532,0,0,0,0,0,0,0,0,0,0,0,1,0,0,0,0,0,0
AA525,NymAA533,0,0,0,0,0,0,0,0,0,0,0,1,0,0,0,0,0,0
AA526,NymAA534,0,0,0,0,0,0,0,0,0,0,0,0,0,0,0,0,0,0
AA527,NymAA535,0,0,0,0,0,0,0,0,0,0,0,0,0,0,0,0,0,0
AA528,NymAA536,0,0,0,0,0,0,0,0,0,0,0,1,0,0,0,0,0,0
AA529,NymAA537,0,0,0,0,0,0,0,0,0,0,0,0,0,0,0,0,0,0
AA546,NymAA538,0,0,0,0,0,0,0,0,0,0,0,1,0,0,0,0,0,0
AA547,NymAA539,0,0,0,0,0,0,0,0,0,0,0,0,0,0,0,0,0,0
AA548,NymAA540,0,0,0,0,0,0,0,0,0,0,0,1,0,0,0,0,0,0
AA549,NymAA541,0,0,0,0,0,0,0,0,0,0,0,1,0,0,0,0,0,0
AA550,NymAA542,0,0,0,0,0,0,0,0,0,0,0,0,0,0,0,0,0,0
AA551,NymAA543,0,0,0,0,0,0,0,0,0,0,0,1,0,0,0,0,0,0
AA552,NymAA544,0,0,0,0,0,0,0,0,0,0,0,1,0,0,0,0,0,0
AA907,NymAA545,0,0,0,0,0,0,0,0,0,0,0,1,0,0,0,0,0,0
AA908,NymAA546,0,0,0,0,0,0,0,0,0,0,0,1,0,0,0,0,0,0
AA909,NymAA547,0,0,0,0,0,0,0,0,0,0,0,0,0,0,0,0,0,0
AA910,NymAA548,0,0,0,0,0,0,0,0,0,0,0,1,0,0,0,0,0,0
AA911,NymAA549,0,0,0,0,0,0,0,0,0,0,0,0,0,0,0,0,0,1
AA1034,NymAA550,0,0,0,0,0,0,0,0,0,0,0,1,0,0,0,0,0,0
AA1035,NymAA551,0,0,0,0,0,0,0,0,0,0,0,1,0,0,0,0,0,0
AA1036,NymAA552,0,0,0,0,0,0,0,0,0,0,0,0,0,0,0,0,0,0
AA1037,NymAA553,0,0,0,0,0,0,0,0,0,0,0,1,0,0,0,0,0,0
AA1038,NymAA554,0,0,0,0,0,0,0,0,0,0,0,0,0,0,0,0,0,0
AA1039,NymAA555,0,0,0,0,0,0,0,0,0,0,0,1,0,0,0,0,0,1
AA1040,NymAA556,0,0,0,0,0,0,0,0,0,0,0,0,0,0,0,0,0,0
AA1041,NymAA557,0,0,0,0,0,0,0,0,0,0,0,0,0,0,0,0,0,0
AA1042,NymAA558,0,0,0,0,0,0,0,0,0,0,0,0,0,0,0,0,0,0
AA1043,NymAA559,0,0,0,0,0,0,0,0,0,0,0,0,0,0,0,0,0,0
AA1044,NymAA560,0,0,0,0,0,0,0,0,0,0,0,1,0,0,0,0,0,0
AA1045,NymAA561,0,0,0,0,0,0,0,0,0,0,0,1,0,0,0,0,0,0
AA1047,NymAA562,0,0,0,0,0,0,0,0,0,0,0,0,0,0,0,0,0,0
AA1231,NymAA563,0,0,0,0,0,0,0,0,0,0,0,1,0,0,0,0,0,0
AA1232,NymAA564,0,0,0,0,0,0,0,0,0,0,0,1,0,0,0,0,0,0
AA1233,NymAA565,0,0,0,0,0,0,0,0,0,0,0,1,0,0,0,0,0,0
AA1234,NymAA566,0,0,0,0,0,0,0,0,0,0,0,1,0,0,0,0,0,0
AA1235,NymAA567,0,0,0,0,0,0,0,0,0,0,0,1,0,0,0,0,0,0
AA1236,NymAA568,0,0,0,0,0,0,0,0,0,0,0,1,0,0,0,0,0,0
AA1237,NymAA569,0,0,0,0,0,0,0,0,0,0,0,1,0,0,0,0,0,0
AA1500,NymAA570,0,0,0,0,0,0,0,0,0,0,0,1,0,0,0,0,0,0
AA1501,NymAA571,0,0,0,0,0,0,0,0,0,0,0,1,0,0,0,0,0,0
AA1515,NymAA572,0,0,0,0,0,0,0,0,0,0,0,1,0,0,0,0,0,0
AA1516,NymAA573,0,0,0,0,0,0,0,0,0,0,0,1,0,0,0,0,0,0
AA1517,NymAA574,0,0,0,0,0,0,0,0,0,0,0,0,0,0,0,0,0,0
AA1657,NymAA575,0,0,0,0,0,0,0,0,0,0,0,0,0,0,0,0,0,0
AA1658,NymAA576,0,0,0,0,0,0,0,0,0,0,0,1,0,0,0,0,0,0
AA1659,NymAA577,0,0,0,0,0,0,0,0,0,0,0,1,0,0,0,0,0,1
AA1660,NymAA578,0,0,0,0,0,0,0,0,0,0,0,1,0,0,0,0,0,0