Site,sampled,Site_ID,Field_Type,p100m_1,p100m_2,p100m_3,p100m_4,p100m_5,p100m_6,p100m_7,p250m_1,p250m_2,p250m_3,p250m_4,p250m_5,p250m_6,p250m_7,p500m_1,p500m_2,p500m_3,p500m_4,p500m_5,p500m_6,p500m_7,p1km_1,p1km_2,p1km_3,p1km_4,p1km_5,p1km_6,p1km_7,p1.5km_1,p1.5km_2,p1.5km_3,p1.5km_4,p1.5km_5,p1.5km_6,p1.5km_7,p2km_1,p2km_2,p2km_3,p2km_4,p2km_5,p2km_6,p2km_7,p2.5km_1,p2.5km_2,p2.5km_3,p2.5km_4,p2.5km_5,p2.5km_6,p2.5km_7,p3km_1,p3km_2,p3km_3,p3km_4,p3km_5,p3km_6,p3km_7,p3.5km_1,p3.5km_2,p3.5km_3,p3.5km_4,p3.5km_5,p3.5km_6,p3.5km_7,p4km_1,p4km_2,p4km_3,p4km_4,p4km_5,p4km_6,p4km_7
Hatchet Creek Wildlife Management Area,Y,HC,Natural,0,0,0.435897436,0,0,0,0.564102564,0,0.02244898,0.833163265,0,0,0.048469388,0.095918367,0,0.031377551,0.431122449,0,0,0.023214286,0.514285714,0,0.017966933,0.445159441,0,0,0.00579784,0.531075786,0,0.012234668,0.42304479,0,0,0.022670953,0.54204959,0.000629216,0.01063296,0.49585434,0,7.96E-06,0.06425175,0.428623768,0.001493427,0.023216934,0.523948357,0.001121345,0.017207546,0.100487785,0.332524606,0.008735077,0.029291531,0.527513016,0.000778654,0.028541193,0.123600636,0.281539894,0.015742585,0.038212304,0.530746668,0.003544292,0.030036769,0.136752981,0.244964401,0.029904499,0.044027561,0.513893119,0.003712928,0.02847109,0.143088081,0.236902721
Paynes Prairie Preserve State Park (Northside),N,NA,Natural,0,0.019292605,0.945337621,0,0,0,0.035369775,0,0.046381244,0.659531091,0,0.014780836,0.012232416,0.267074414,0,0.027901644,0.553573704,0,0.02968531,0.023697286,0.365142056,0.038287571,0.029304963,0.42008027,0,0.05370453,0.029432376,0.429190291,0.061226801,0.03182378,0.37201829,0.004883988,0.043885106,0.026982262,0.459179773,0.052440034,0.029950944,0.368537572,0.018244513,0.034068104,0.048275093,0.448483738,0.049495464,0.033722352,0.363444093,0.019223321,0.038823769,0.060355723,0.434935277,0.038643,0.03910312,0.346856142,0.020061231,0.060119985,0.057769834,0.437446688,0.031287461,0.049453536,0.334774796,0.014738807,0.079791868,0.05219951,0.437754022,0.024745774,0.076759677,0.312967343,0.011932918,0.097159512,0.044349284,0.432085493
Paynes Prairie Preserve State Park (Southside),Y,PP,Natural,0,0,0.987301587,0,0,0,0.012698413,0,0.0382263,0.835881753,0,0,0,0.125891947,0,0.031719745,0.696178344,0,0,0,0.272101911,0,0.023314329,0.600216581,0,0.007038889,0,0.3694302,0.006695354,0.035217847,0.606177278,0.000226481,0.013518104,0.041446083,0.296718852,0.005080063,0.040051278,0.612657159,0.0001274,0.018982554,0.085835543,0.237266003,0.016526609,0.052922861,0.603030133,0.001773438,0.050690775,0.060755546,0.214300639,0.025133862,0.052564525,0.562935516,0.003680543,0.06044938,0.04481415,0.250422024,0.045584905,0.048255205,0.528989784,0.004188757,0.056780924,0.032925031,0.283275394,0.061294124,0.044934426,0.506637045,0.003207042,0.052234379,0.025208428,0.306484556
Sweetwater Preserve,Y,SW,Natural,0,0,0.993569132,0.006430868,0,0,0,0,0,0.856195818,0.129015808,0,0,0.014788373,0,0.016063233,0.748852626,0.184472208,0.041305456,0,0.009306476,0,0.113638536,0.50224601,0.115327025,0.173022396,0.006976966,0.088789066,0.001543319,0.148540926,0.38010959,0.07788806,0.196313025,0.019440157,0.176164923,0.025309399,0.195912906,0.330814074,0.045139608,0.196414635,0.016636669,0.189772709,0.024661346,0.217136043,0.308911517,0.029574249,0.196256205,0.01778634,0.205674301,0.024535187,0.244983772,0.286808975,0.021636411,0.18522792,0.025345712,0.211462024,0.026816546,0.2626997,0.257236541,0.016077446,0.201057788,0.024868947,0.211243031,0.033028597,0.270062036,0.247423809,0.016386883,0.200701982,0.027296871,0.205099822
San Felasco Preserve State Park (N of Millhopper),Y,SF,Natural,0,0.118589744,0.881410256,0,0,0,0,0,0.057172027,0.942827973,0,0,0,0,0,0.072602216,0.923194498,0,0.000127372,0,0.004075914,0,0.058484375,0.870385118,0.020545982,0.009811104,0.001529003,0.039244418,0.057576058,0.048869573,0.756133471,0.009131192,0.066509053,0.003156986,0.058623667,0.131349892,0.047382797,0.668495616,0.005136454,0.104520876,0.005670009,0.037444355,0.128865218,0.051716317,0.67479422,0.003771565,0.108672052,0.003924467,0.028256161,0.124197464,0.064956714,0.661813111,0.004873612,0.116099553,0.003132278,0.024927267,0.120890236,0.078058205,0.657949617,0.006284909,0.104940037,0.002977336,0.02889966,0.139842167,0.078016811,0.627674188,0.008098714,0.097570784,0.003338629,0.045458708
San Felasco Preserve State Park (S of Millhopper),N,NA,Natural,0,0.083067093,0.916932907,0,0,0,0,0,0.053598775,0.946401225,0,0,0,0,0,0.104559348,0.853667855,0.027763627,0.013881814,0,0.000127356,6.37E-05,0.061338941,0.874709237,0.020552528,0.010802027,0.001178982,0.031354555,0.075961552,0.051287496,0.735620957,0.009130675,0.071927068,0.004006172,0.052066081,0.144366674,0.049314,0.652174259,0.005136045,0.10698104,0.005478449,0.036549533,0.13109248,0.054891567,0.664692541,0.00585612,0.111205117,0.003924467,0.028337708,0.129952681,0.068621726,0.650035923,0.00577245,0.118244977,0.003164053,0.02420819,0.122935751,0.082112314,0.650931008,0.006843776,0.109599228,0.003159266,0.024418656,0.143412018,0.079533985,0.625133137,0.008471016,0.100348198,0.003270947,0.039830699
Devils Millhopper Geological State Park ,N,NA,Manicured,0,0.195512821,0.801282051,0.003205128,0,0,0,0,0.124745418,0.627800407,0.081466395,0.16496945,0.00101833,0,0,0.239327131,0.350707277,0.022046642,0.369950299,0.002166433,0.015802217,0,0.266868429,0.303153871,0.005511309,0.390570245,0.002676011,0.031220134,0,0.208712641,0.275862557,0.003312899,0.417524387,0.013251596,0.081335919,0.000238903,0.195366875,0.287185245,0.011093061,0.403753962,0.013641359,0.088720595,0.007706069,0.182856036,0.304410093,0.007099572,0.396938978,0.010764032,0.090225219,0.016326776,0.177594835,0.315457525,0.005011644,0.386229304,0.014164266,0.085215649,0.040227688,0.181279433,0.322011332,0.004209995,0.366862474,0.013805352,0.071603725,0.044252844,0.187040878,0.332856876,0.004331917,0.354779243,0.013815949,0.062922292
Devils Millhopper Geological State Park (Trail around ravine),N,NA,Manicured,0,0.028753994,0.936102236,0,0.012779553,0.022364217,0,0,0.113092206,0.68262863,0,0.191034131,0.006622517,0.006622517,0,0.14429573,0.529636711,0.021797323,0.262332696,0.002166985,0.039770554,0,0.277528269,0.305430801,0.005510432,0.366682593,0.005096353,0.039751553,0,0.207622499,0.270001274,0.00392168,0.404527629,0.009542282,0.104384636,0,0.175427279,0.309130151,0.00666603,0.384662557,0.012081681,0.112032303,0.004923071,0.175961553,0.317176216,0.007099211,0.380223118,0.011762368,0.102854464,0.022694292,0.168249935,0.334128507,0.00493031,0.366764825,0.01262839,0.090603742,0.04831198,0.178579323,0.329285449,0.004194371,0.352119159,0.014850623,0.072659096,0.046103555,0.187352679,0.344313404,0.004640616,0.336792062,0.01315538,0.067642304
Devils Millhopper Geological State Park ,N,NA,Natural,0,0.167202572,0.790996785,0.041800643,0,0,0,0,0.104431992,0.673458991,0.088130413,0.13346918,0.000509424,0,0,0.232309065,0.347826087,0.022057886,0.381486676,0.002167538,0.014152748,0,0.261812968,0.300143381,0.005512187,0.396845627,0.002198502,0.033487335,0,0.208143964,0.277690467,0.002732589,0.417491399,0.013181554,0.080760028,0.000430053,0.194797955,0.291671312,0.011006164,0.401414396,0.013459057,0.087221063,0.00894923,0.181828375,0.307392798,0.007099247,0.394199309,0.010982683,0.089548359,0.017374777,0.17707478,0.317488745,0.004965739,0.383940454,0.014235354,0.084920152,0.040546584,0.180053046,0.324042437,0.004196895,0.36568115,0.01390124,0.071578646,0.044278548,0.18614429,0.334543717,0.00422838,0.354296066,0.013861682,0.062647316
Loblolly Woods (N of 8th),N,NA,Natural,0,0,1,0,0,0,0,0,0.067141404,0.836215666,0,0.09664293,0,0,0,0.118186449,0.524707081,0.003948039,0.353158431,0,0,0,0.200426643,0.282443963,0.034449822,0.474560621,0,0.008118951,0,0.252204561,0.153717675,0.047049498,0.542583759,0,0.004444507,0,0.290471564,0.134868054,0.045460337,0.517311398,0.005183864,0.006704783,0,0.323873394,0.14121622,0.029414313,0.489239723,0.006543309,0.009713042,0,0.365865225,0.138664562,0.021367854,0.451357874,0.007095486,0.015648998,0.000787825,0.38230851,0.136582398,0.018767404,0.434887403,0.006549611,0.020116848,0.001096878,0.384104233,0.134322713,0.017569948,0.433997233,0.008231559,0.020677436
Loblolly Woods (S of 8th),N,NA,Natural,0,0.028481013,0.971518987,0,0,0,0,0,0.060559796,0.837659033,0.093129771,0.008651399,0,0,0,0.154375239,0.440198701,0.122659534,0.282766527,0,0,0,0.275384468,0.219154965,0.047569013,0.457413952,0,0.000477601,0,0.243241713,0.165836329,0.077490305,0.499249866,0.003042998,0.011138789,0,0.295267973,0.158856924,0.045457079,0.485002906,0.008471945,0.006943173,0,0.323730412,0.156269588,0.029466174,0.465119123,0.006253026,0.019161677,0,0.343942214,0.162339593,0.021283824,0.440147649,0.005754489,0.02653223,0.000949063,0.360230375,0.153430926,0.017517356,0.436956239,0.007293481,0.023622559,0.001610489,0.371676501,0.147782741,0.020386915,0.424906237,0.010274082,0.023363035
John Mahon Nature Park,Y,JM,Natural,0,0,0.98392283,0,0.01607717,0,0,0,0.383554648,0.286006129,0,0.330439224,0,0,0,0.373343527,0.133537207,0,0.452471967,0.000382263,0.040265036,0,0.276220212,0.188479674,0.001497388,0.429973238,0.006371862,0.097457627,0,0.229729156,0.273095383,0.003907633,0.415228441,0.004771276,0.073268112,0,0.240139516,0.240290818,0.028150059,0.426439555,0.005829093,0.059150959,0,0.278795631,0.211635978,0.033116059,0.418333597,0.006161483,0.051957252,0.001291802,0.29856203,0.222320926,0.025276853,0.385756908,0.010518455,0.056273027,0.00145873,0.319443758,0.221323986,0.021935561,0.377127315,0.009090413,0.049620236,0.003945763,0.324796789,0.217040837,0.017290085,0.387180452,0.009308974,0.0404371
Natural Area Teaching Lab ,N,NA,Manicured,0,0.550314465,0.238993711,0,0,0,0.210691824,0,0.577958354,0.347384459,0,0,0,0.074657186,0,0.715467855,0.250541057,0,0.00649268,0.003309994,0.024188415,0.004617099,0.675593058,0.098328292,0,0.213692087,0.001178156,0.006591307,0.002760319,0.528693166,0.164331012,0.02955665,0.216140083,0.022988506,0.035530264,0.016117344,0.455354797,0.184672597,0.049458906,0.241489421,0.024367131,0.028539804,0.020975172,0.443882751,0.176138448,0.03488218,0.267066533,0.032853969,0.024200946,0.015457952,0.420156915,0.204973582,0.025508453,0.271335195,0.031889105,0.030678798,0.011768254,0.386020063,0.222959797,0.022176633,0.29208464,0.023957732,0.041032881,0.011255572,0.350149006,0.254914608,0.01735516,0.296114698,0.019720144,0.050490814
Natural Area Teaching Lab ,N,NA,Natural,0,0.253968254,0.746031746,0,0,0,0,0,0.477794793,0.460438999,0,0,0,0.061766207,0,0.678471338,0.251464968,0,0.043312102,0.003312102,0.02343949,0.004618717,0.654392559,0.103140728,0,0.227527553,0.003726827,0.006593617,0.002420622,0.528644027,0.159350537,0.027702674,0.226830684,0.021275993,0.033775463,0.01596452,0.443184623,0.189034246,0.05005932,0.250105501,0.022541424,0.029110366,0.02117478,0.441322162,0.180732224,0.034883602,0.265044031,0.031637312,0.025205887,0.015458171,0.416871631,0.20943911,0.02487534,0.269205044,0.031723225,0.032427478,0.011768285,0.382911285,0.230706227,0.022067484,0.284966185,0.023965595,0.043614938,0.012599488,0.345501491,0.262994653,0.017359383,0.29012068,0.019521343,0.051902963
Harmonic Woods,Y,HW,Natural,0,0.400641026,0.599358974,0,0,0,0,0,0.66700611,0.289714868,0,0,0.043279022,0,0,0.618010445,0.192332187,0,0.03197045,0.081008789,0.07667813,0,0.603153871,0.13067856,0.069958586,0.120420516,0.038005734,0.037782733,0,0.628979967,0.083315637,0.06226375,0.188192822,0.017611666,0.019636158,0,0.58170351,0.154384596,0.035715423,0.201654775,0.011849398,0.014692298,0.006590013,0.485846508,0.159607759,0.027960409,0.280174918,0.024056349,0.015764044,0.011806969,0.438772585,0.144175264,0.020917022,0.340862517,0.028632607,0.014833035,0.011269437,0.408726403,0.14477872,0.021698996,0.36924177,0.026236414,0.01804826,0.008831428,0.401475621,0.149144829,0.017356265,0.378801785,0.021975047,0.022415025
University Gardens,Y,UG,Manicured,0,0.433544304,0.566455696,0,0,0,0,0,0.456399796,0.405915349,0,0,0.089750127,0.047934727,0,0.559250765,0.228083588,0,0.006625892,0.097859327,0.108180428,0,0.641999682,0.132940615,0.058079924,0.091609616,0.037987582,0.037382582,0,0.650545624,0.081496893,0.062191273,0.169150638,0.018017635,0.018597936,0,0.587252544,0.152908949,0.035022058,0.195296947,0.013919636,0.015599866,0.008174831,0.484114121,0.160550833,0.028132836,0.2746621,0.029116466,0.015248813,0.012539285,0.441451485,0.143244429,0.021252725,0.336610606,0.029753815,0.015147654,0.011356959,0.409172928,0.148168274,0.021697304,0.364688906,0.027092379,0.01782325,0.009011861,0.402474031,0.154173087,0.017354849,0.371980619,0.021883672,0.023121882
Forest Park,N,NA,Natural,0,0,0.683544304,0.158227848,0,0,0.158227848,0,0.052631579,0.442003066,0.250894226,0.146142054,0.001532959,0.106796117,0,0.146133265,0.323353293,0.080774621,0.396228819,0.001656262,0.051853739,0,0.189425068,0.364357382,0.020194298,0.288835802,0.008982322,0.128205128,0.000495407,0.163201178,0.406276097,0.024048465,0.234072669,0.007048932,0.164857252,0.002715271,0.209983597,0.403771121,0.019484656,0.242065198,0.00521555,0.116764608,0.002792912,0.266407082,0.367522718,0.017848133,0.2390182,0.008409314,0.098001641,0.003532068,0.294456989,0.321000587,0.025057157,0.26227199,0.013774358,0.07990685,0.003406163,0.309739806,0.279970983,0.026445864,0.303457905,0.013736457,0.063242823,0.00833111,0.316540389,0.26166455,0.023792935,0.325331353,0.01207165,0.052268013
Forest Park ,N,NA,Manicured,0,0,0.176656151,0.627760252,0,0,0.195583596,0,0.063991874,0.36262062,0.311325546,0.148298629,0.005586592,0.108176739,0,0.149350649,0.287751464,0.080723198,0.433027757,0.001655208,0.047491724,0,0.18772885,0.381953068,0.020186583,0.283917598,0.010761932,0.115451969,0.00202412,0.168157627,0.400803986,0.025563356,0.240374816,0.007049032,0.156027064,0.002715163,0.221074759,0.39361897,0.01948388,0.242469604,0.005589573,0.115048053,0.002175996,0.273329528,0.360985976,0.020429899,0.239288189,0.007623629,0.096166782,0.003532056,0.295206243,0.318355718,0.025180938,0.264536108,0.013714144,0.079474793,0.003361996,0.311898552,0.280447122,0.026386336,0.300330479,0.013791203,0.063784312,0.009017689,0.318583208,0.26241475,0.023828198,0.321692618,0.012264455,0.052199082
Depot Park,N,NA,Manicured,0,0.171974522,0.719745223,0,0,0.108280255,0,0,0.44054878,0.366361789,0,0,0.193089431,0,0,0.753436864,0.180244399,0,0.014638493,0.049389002,0.002291242,0,0.61093954,0.129071285,0.004680187,0.20923939,0.041675953,0.004393645,0,0.543111136,0.11886528,0.011140523,0.29244228,0.019237575,0.015203205,0.002070196,0.488828906,0.136075546,0.023687815,0.313188738,0.014722275,0.021426524,0.010955749,0.463830741,0.163729847,0.02733332,0.302154461,0.010751921,0.021243962,0.00898175,0.438711413,0.178764425,0.028558992,0.280426651,0.020553981,0.044002789,0.01173231,0.406616066,0.18520252,0.02251293,0.277630864,0.023550428,0.072754883,0.016403233,0.386815703,0.194708763,0.018983159,0.269472867,0.021270454,0.092345822
Thomas Center Gardens,N,NA,Manicured,0,0.882165605,0,0,0.117834395,0,0,0,0.745537991,0,0,0.254462009,0,0,0,0.670021659,0,0,0.32806727,0.001911071,0,0,0.631577271,0.009587209,0.017454453,0.3409033,0.000477768,0,0,0.599351624,0.015204281,0.019366347,0.362113876,0.001500609,0.002463263,0,0.580596872,0.024333535,0.019126031,0.36526579,0.003877759,0.006800013,0,0.560539191,0.053358475,0.012241362,0.356533483,0.007048211,0.010279278,0.000629984,0.533709436,0.071106754,0.010798203,0.352012232,0.009945248,0.021798143,0.005320131,0.485796082,0.115607538,0.016602657,0.341328265,0.010286627,0.025058701,0.005534376,0.437378936,0.178927565,0.01701522,0.316383146,0.010674577,0.034086181
Wilmot Gardens,N,NA,Manicured,0,1,0,0,0,0,0,0,0.936670072,0.042390194,0,0,0.020939734,0,0,0.8367737,0.118501529,0,0,0.033511723,0.011213048,0,0.811204178,0.099843944,0,0.048058855,0.009872926,0.031020096,0,0.711968522,0.117915983,0,0.098808243,0.050925664,0.020381589,0.017030662,0.593119262,0.094659904,0.015621392,0.207130744,0.059380399,0.013057637,0.017810006,0.515272271,0.110050041,0.023288048,0.273091858,0.047926497,0.012561278,0.01545757,0.468260316,0.148782646,0.017088966,0.300845778,0.035469602,0.014095124,0.011770763,0.42656079,0.164312254,0.019976755,0.313140768,0.026703276,0.037535394,0.009012345,0.392768623,0.172136386,0.021920683,0.323528651,0.021289599,0.059343713
Westside Park,N,NA,Manicured,0,0.115015974,0.169329073,0.715654952,0,0,0,0,0.168539326,0.384065373,0.372829418,0.074565884,0,0,0,0.236470139,0.351585381,0.137781739,0.27416274,0,0,0,0.252214645,0.206169142,0.041648079,0.498884711,0,0.001083424,0,0.241990515,0.166772846,0.060338359,0.517632902,0.002123593,0.011141785,0,0.278717898,0.151519013,0.045462871,0.514473422,0.002970336,0.00685646,0,0.303375196,0.159019552,0.030209586,0.483842688,0.006274338,0.01727864,0.000506119,0.321661912,0.164920614,0.021518925,0.456402942,0.007000729,0.027988759,0.00094907,0.348220299,0.15569169,0.017741109,0.446770172,0.007257136,0.023370525,0.000806277,0.368135948,0.14606746,0.020047421,0.43192935,0.008835199,0.024178344
Grove Park Wildlife Management Area,N,NA,Natural,0,0,1,0,0,0,0,0,0,0.882473173,0,0,0,0.117526827,0,0,0.931464968,0,0,0,0.068535032,0,0,0.801516503,0,0,0,0.198483497,0,0.004671111,0.775998981,0,0,0,0.219329908,0,0.008208795,0.80131691,0,0,0,0.190474295,0.001223179,0.008720249,0.802634932,0,0,0,0.18742164,0.005864428,0.007662334,0.784017753,0,0.00043178,2.12E-05,0.20200247,0.007267328,0.006695303,0.759746541,0,0.00043422,0.01482067,0.211035939,0.0157712,0.007736289,0.737491738,0.000213017,0.004047318,0.039155259,0.195585179
Morning Side Nature Center ,Y,MSM,Manicured,0,0.284810127,0.705696203,0.009493671,0,0,0,0,0.07505071,0.767241379,0.001521298,0,0,0.156186613,0,0.092552514,0.705665181,0.00101846,0.069127944,0,0.131635901,0,0.115027061,0.68771092,0.001400828,0.125342248,0.001782872,0.068736071,0.016590227,0.14643848,0.621029387,0.017071514,0.105557443,0.006780477,0.086532473,0.026888227,0.170772489,0.580234725,0.014666306,0.115881332,0.004888769,0.086668153,0.038233406,0.194168425,0.546279594,0.00938637,0.138660429,0.007536613,0.065735164,0.044675814,0.207223722,0.517954907,0.009735675,0.147096815,0.007127463,0.066185604,0.043224226,0.209875291,0.483769138,0.01874532,0.157602138,0.00731975,0.079464137,0.034923649,0.228239903,0.435886717,0.017205033,0.167047873,0.024052807,0.092644017
Morning Side Nature Center ,Y,MSN,Natural,0,0,0.630914826,0,0,0,0.369085174,0,0.000510725,0.736976507,0.005107252,0,0,0.257405516,0,0.027144132,0.754301007,0.005607238,0.025105136,0,0.187842488,0,0.103028759,0.725277875,0.001401319,0.113697888,0.00050957,0.056084589,0.015456038,0.126606465,0.676244126,0.011308951,0.085107286,0.001840005,0.083437128,0.038245622,0.159535924,0.602931925,0.012342435,0.096908021,0.005972146,0.084063926,0.045935946,0.193753568,0.555777542,0.009423673,0.115448911,0.007619465,0.072040895,0.048199295,0.206981979,0.515150979,0.015639378,0.134656493,0.006253628,0.073118249,0.041649983,0.228756403,0.465489717,0.020834092,0.15073711,0.007059099,0.085473597,0.035155122,0.241393863,0.424606595,0.017549692,0.162816391,0.026559436,0.0919189
Cofrin Nature Park,N,NA,Manicured,0,0.402555911,0.562300319,0,0,0,0.03514377,0,0.482934284,0.228222109,0,0.139072848,0,0.149770759,0,0.378712556,0.110133843,0,0.430592734,0,0.080560867,0,0.306106846,0.115861234,0.001497244,0.540282247,0.002516645,0.033735784,0,0.269699673,0.154029141,0.002874418,0.500955779,0.007915268,0.064525721,0.001752178,0.319342455,0.149070549,0.003058348,0.470635085,0.007040571,0.049100814,0.001121173,0.311737156,0.17671221,0.007506765,0.455130133,0.009540166,0.038252397,0.003564324,0.286413093,0.207017507,0.016221746,0.436295227,0.008480755,0.042007348,0.008784248,0.284913354,0.216722316,0.018348624,0.420070628,0.008149743,0.043011088,0.008771773,0.284252418,0.218239155,0.017410157,0.419643515,0.01066509,0.041017892
Cofrin Nature Park,N,NA,Natural,0,0.092948718,0.333333333,0,0,0,0.573717949,0,0.299337073,0.27281999,0,0.162162162,0,0.265680775,0,0.368192833,0.104323428,0,0.443820941,0.003060834,0.080601964,0,0.311169874,0.082866063,0.001497388,0.568210781,0.003663821,0.032592073,0,0.269522124,0.147426549,0.004658407,0.519164602,0.005946903,0.053281416,0.00175215,0.316964001,0.138857917,0.003058299,0.48202453,0.008051927,0.049291176,0.001202799,0.307733081,0.177468923,0.007542977,0.46023373,0.009770194,0.036048295,0.003719906,0.282942938,0.205897343,0.016079481,0.444466861,0.008292807,0.038600664,0.008690587,0.283887308,0.213143018,0.01917546,0.42506384,0.008204309,0.041835477,0.008705797,0.283411207,0.214612918,0.016911901,0.423910382,0.010927537,0.041520259
Alfred A. Ring Park ,N,NA,Natural,0,0,0.914285714,0,0.085714286,0,0,0,0.081039755,0.438328236,0,0.480632008,0,0,0,0.159007002,0.205219605,0,0.635773393,0,0,0,0.313214638,0.105615186,0,0.577380004,0.00359907,0.000191101,0,0.297508846,0.101415428,0.004784147,0.588591649,0.003864119,0.00383581,0,0.311033434,0.10417944,0.008973573,0.565072338,0.00409265,0.006648566,0,0.362240478,0.100832713,0.006237706,0.519477541,0.003246257,0.007965305,0,0.401080079,0.10797602,0.011483799,0.465569837,0.005064196,0.008826069,0,0.407394118,0.106603433,0.016294725,0.443327275,0.008499674,0.017880776,0,0.406521981,0.116731564,0.01962049,0.417052865,0.009947604,0.030125495
Kiwanis Park/Green Tree Park,N,NA,Manicured,0,0.189873418,0,0.810126582,0,0,0,0,0.363728986,0,0.468160978,0.168110036,0,0,0,0.321360336,0,0.117564641,0.561075022,0,0,0,0.259117694,0.092689919,0.029399586,0.598566651,0.015830546,0.004395604,0,0.270026187,0.130596645,0.016250265,0.561596716,0.015655744,0.005874443,0,0.329643904,0.113828195,0.010128679,0.529215505,0.011028475,0.006155243,0,0.341543338,0.130136986,0.013071795,0.490969504,0.008322122,0.015956254,0,0.326238675,0.15899278,0.009629813,0.463466166,0.009403313,0.032269253,0,0.32119641,0.193528592,0.010697273,0.421561999,0.009875606,0.04314012,0,0.316268208,0.213043314,0.012528095,0.40143656,0.009054152,0.047669671
Possum Creek Park ,Y,PC,Manicured,0,0,1,0,0,0,0,0,0.309766022,0.484231943,0,0.2034588,0,0.002543235,0,0.420201248,0.324544644,0,0.246083301,0,0.009170806,0,0.296493296,0.31713221,0.007580342,0.356658279,0.006178934,0.015956939,0,0.243499186,0.262849459,0.01971831,0.414438389,0.016179489,0.043315167,0,0.242755556,0.177513756,0.011092619,0.47601908,0.013632853,0.078986136,2.55E-05,0.221027418,0.191055958,0.007904393,0.479599429,0.010116196,0.090271124,0.001978306,0.216605029,0.241693062,0.006455152,0.443989878,0.010956771,0.078321802,0.007818655,0.224894889,0.263351127,0.007600242,0.416232225,0.013250371,0.066852491,0.025376002,0.216224556,0.282219678,0.007761907,0.39354203,0.012694968,0.062180859
Possum Creek Park,N,NA,Natural,0,0,1,0,0,0,0,0,0.194317605,0.709284627,0,0.080669711,0,0.015728057,0,0.29526356,0.44881589,0,0.244716068,0,0.011204482,0,0.300643189,0.287142584,0.008278673,0.379354264,0.009042858,0.015538432,0,0.253217244,0.244482197,0.019225596,0.42865435,0.016238409,0.038182204,0,0.244111792,0.172752608,0.011107572,0.479592324,0.012899116,0.079536587,0,0.223943418,0.184253437,0.008560684,0.481609816,0.01030849,0.091324154,0.001627938,0.228551914,0.229252635,0.007697317,0.443050473,0.01054267,0.079277054,0.004160123,0.230777631,0.259560483,0.007852232,0.417262951,0.012714376,0.067672203,0.020193173,0.221079809,0.282262495,0.007831225,0.393878347,0.012377874,0.062377077
Hogtown Creek Headwaters Nature Park ,Y,HT,Manicured,0,0.044303797,0.490506329,0,0.458860759,0,0.006329114,0,0.059033079,0.679389313,0,0.23562341,0.01221374,0.013740458,0,0.260731117,0.468984843,0,0.259457394,0.004075914,0.006750732,0,0.436304009,0.174897316,0,0.368548413,0.014136976,0.006113287,0,0.385908795,0.220015852,0.021711439,0.325827271,0.013035355,0.033501288,0,0.325922859,0.249490397,0.019993948,0.330405771,0.014937733,0.059249291,0,0.319159129,0.261312269,0.014243853,0.325198114,0.01166518,0.068421455,0,0.313270409,0.275391862,0.010029693,0.320037089,0.010811825,0.070459122,0,0.285597649,0.311037728,0.007920123,0.319126862,0.010897319,0.065420318,0,0.264315234,0.334089805,0.007449257,0.31606786,0.011428697,0.066649148
Hogtown Creek Headwaters Nature Park ,N,NA,Natural,0,0,0.936507937,0,0.063492063,0,0,0,0.034114053,0.880855397,0,0.07688391,0,0.00814664,0,0.353660089,0.487587524,0,0.145894335,0.004328453,0.008529599,0,0.461381661,0.192120266,0,0.320380928,0.016084339,0.010032806,0,0.371689433,0.257258122,0.02572015,0.29261802,0.0127256,0.039988676,0,0.319323448,0.27746102,0.020632595,0.306303652,0.013187023,0.063092261,0,0.308660976,0.286798318,0.014243853,0.307672315,0.011838451,0.070786087,0,0.303857901,0.297211595,0.009891599,0.307283685,0.010748046,0.071007174,0,0.276863351,0.330556249,0.007920411,0.302858213,0.010892515,0.070909261,0,0.258044479,0.352597347,0.007300404,0.300638462,0.01189924,0.069520069
Split Rock Consevation Area,Y,SR,Natural,0,0.003215434,0.877813505,0,0.045016077,0,0.073954984,0,0.103975535,0.531600408,0,0.189602446,0,0.174821611,0,0.09663437,0.499872514,0,0.243243243,0,0.160249873,0.002102179,0.15186648,0.452095808,0.00426806,0.258886482,0.001242196,0.129538795,0.007489947,0.205612505,0.370646203,0.001897265,0.285892281,0.005805063,0.122656737,0.006784844,0.208825075,0.388320831,0.00645038,0.280695048,0.010010034,0.098913788,0.004347139,0.232747769,0.322875737,0.008801301,0.322345722,0.016491609,0.092390723,0.003019052,0.252761566,0.285284509,0.016783524,0.35233366,0.013286661,0.076531028,0.007806426,0.257723863,0.273914004,0.014601292,0.373150785,0.0127368,0.06006683,0.010242822,0.265845516,0.257551717,0.015434907,0.391283747,0.011242218,0.048399074
Sugarfoot Prairie Conservation Area,N,NA,Natural,0,0,0.035031847,0,0.133757962,0,0.831210191,0,0.038716251,0.163525217,0,0.279673968,0,0.518084564,0,0.076139547,0.284695696,0,0.325948561,0,0.313216196,0,0.17224027,0.33651825,0.001496911,0.355659596,0.004299637,0.129785337,0,0.212369587,0.319800116,0.005053722,0.367760932,0.006794921,0.088220722,0,0.246872686,0.275084205,0.006115283,0.378016833,0.006178983,0.08773201,0.000708389,0.265049434,0.256757721,0.022439099,0.367108348,0.007782081,0.080154928,0.00121394,0.300112192,0.251335157,0.029644206,0.349363478,0.006954497,0.06137653,0.002324487,0.324884751,0.241481431,0.021957821,0.349632476,0.008785729,0.050933305,0.00751296,0.314304086,0.227031127,0.017295335,0.372180152,0.01193832,0.049738022
Fred Cone Park,Y,FC,Manicured,0,0,0,0.909967846,0,0.090032154,0,0,0.141836735,0.15255102,0.512755102,0.060204082,0.029591837,0.103061224,0,0.16817429,0.458402344,0.145241432,0.115683527,0.007389476,0.105108931,0,0.266817429,0.415052873,0.036310358,0.147630271,0.016339661,0.117849408,0.004331823,0.232332956,0.425764439,0.024249717,0.202194224,0.007899207,0.103227633,0.014660678,0.232126077,0.400321723,0.014668642,0.258875245,0.007374138,0.071973498,0.020064929,0.257006416,0.408234928,0.017537064,0.227446703,0.006008776,0.063701182,0.018680276,0.248170197,0.428570417,0.013923495,0.224690668,0.006352993,0.059611954,0.023933349,0.262088889,0.435995715,0.019637619,0.200593913,0.006675022,0.051075493,0.037344068,0.251030257,0.435761753,0.026593563,0.185517876,0.007256591,0.056495893
Longleaf Flatwood Reserve ,Y,LL,Manicured,0,0,1,0,0,0,0,0,0.044184865,0.895886237,0,0,0,0.059928898,0,0.024452369,0.916709119,0,0,0,0.058838512,0,0.012610662,0.847621171,0,0,0,0.139768168,0.00239248,0.008465698,0.813145899,0,0,0.00021235,0.175783573,0.012533244,0.006362174,0.797517239,0,0,0.000214992,0.18337235,0.020067367,0.005600314,0.8044935,0,0.003995128,0.000137587,0.165706103,0.02245998,0.006721006,0.807932839,0.000233589,0.005000938,9.56E-05,0.157556088,0.027218384,0.007121814,0.807320986,0.000278216,0.004074437,0.000202812,0.15378335,0.043311476,0.010441177,0.77223702,0.000213004,0.007090843,0.000414064,0.166292417
Longleaf Flatwood Reserve ,N,NA,Natural,0,0,1,0,0,0,0,0,0.036697248,0.874108053,0,0,0,0.089194699,0,0.024079501,0.893107402,0,0,0,0.082813097,0,0.012549369,0.842336603,0,0,0,0.145114027,0.000608738,0.008451542,0.797389507,0,0,0.000382231,0.193167983,0.011665499,0.006354313,0.779677347,0,0,0.000214996,0.202087846,0.02007156,0.005892007,0.794320024,0,0.001758428,0.000137616,0.177820365,0.019904864,0.006137097,0.810578175,0.000378702,0.003755167,9.56E-05,0.159150433,0.026272339,0.006830704,0.804481171,0.000278221,0.00419931,0.000202815,0.157735441,0.042192648,0.008777361,0.769682371,0.000213014,0.005633915,0.000378249,0.173122443
29th Road Nature Park,Y,29RD,Natural,0,0.063897764,0.658146965,0,0.277955272,0,0,0,0.25127421,0.338430173,0,0.372579001,0.037716616,0,0,0.387996942,0.176860347,0.019750255,0.400993884,0.014398573,0,0,0.377333248,0.106867554,0.011053067,0.501146716,0.003599414,0,0,0.361315987,0.099038775,0.015954359,0.511303954,0.003935503,0.008451422,0,0.384625797,0.095153161,0.008973859,0.493339279,0.006585076,0.011322828,0,0.392486215,0.120911602,0.006487418,0.446897965,0.010910888,0.022305913,0,0.369234308,0.136876006,0.007471112,0.432839624,0.011017324,0.042561625,0,0.368554067,0.157026856,0.009979121,0.410631222,0.008476273,0.04533246,0,0.36778504,0.174333625,0.012502314,0.392716008,0.007618847,0.045044166
Bivens Arm Nature Park,N,NA,Natural,0,0.006329114,0.993670886,0,0,0,0,0,0.098677518,0.596134283,0,0.213123093,0,0.092065107,0,0.153914704,0.459325271,0,0.311648631,0.003819223,0.071292171,0,0.168997038,0.255502118,0,0.283976176,0.043825843,0.247698825,0.000919989,0.151387768,0.260413571,0.004599946,0.240782415,0.061568511,0.280327799,0.011060326,0.171224041,0.24399605,0.011092177,0.224256275,0.059959867,0.278411263,0.02233219,0.218612876,0.238004475,0.022658356,0.196224627,0.041733981,0.260433495,0.026033225,0.253802705,0.225869013,0.020144252,0.194831577,0.030825093,0.248494136,0.034782134,0.274611668,0.218328939,0.016076694,0.196693136,0.024298351,0.235209078,0.037361316,0.285044524,0.231844415,0.012309107,0.186687132,0.026292476,0.220461029
Clear Lake Nature Park,N,NA,Natural,0,0.126582278,0.712025316,0,0,0,0.161392405,0,0.055329949,0.78071066,0,0.013705584,0,0.150253807,0,0.067226891,0.572829132,0,0.171122995,0.001527884,0.187293099,0,0.24857534,0.256820859,0.001496291,0.341313553,0.012225017,0.139568941,0,0.308524191,0.22915664,0.000665289,0.376581831,0.008832772,0.076239278,0,0.297468606,0.228088197,0.002229601,0.38325251,0.009842096,0.079118989,0,0.285822755,0.240668172,0.005177413,0.38423437,0.00733297,0.076764321,0.003807946,0.287952946,0.246115081,0.010330293,0.383211769,0.007081506,0.061500458,0.011144075,0.285005941,0.24248893,0.021177902,0.383305729,0.008829976,0.048047447,0.009616992,0.289831588,0.241515706,0.017709121,0.38241032,0.012340248,0.046576024
San Felasco Park ,N,NA,Manicured,0,0.161392405,0.699367089,0,0,0,0.139240506,0,0.086713996,0.867139959,0,0,0,0.046146045,0,0.170741024,0.585179526,0,0.117010441,0.006238859,0.12083015,0,0.197088894,0.251170494,0.002038411,0.337898525,0.014969583,0.196834092,0,0.196251363,0.298008182,0.003977973,0.324155212,0.010405017,0.167202254,0,0.157283331,0.357976034,0.00223735,0.327998726,0.011361917,0.143142641,0.013925618,0.143001269,0.371609675,0.00467754,0.331025135,0.014037716,0.121723047,0.047798867,0.17009191,0.347438942,0.004929944,0.321656716,0.012988438,0.095095184,0.049408461,0.173803271,0.361239242,0.003666242,0.315361814,0.012865649,0.083655321,0.051301601,0.173351674,0.382151239,0.004910987,0.299600074,0.013265836,0.075418588
San Felasco Park ,N,NA,Natural,0,0,0.996805112,0,0,0,0.003194888,0,0.090723751,0.753312946,0,0.090214067,0,0.065749235,0,0.138818136,0.611563933,0,0.204788589,0.000127356,0.044701987,0,0.19106921,0.273656719,0.005510081,0.368251744,0.007866994,0.153645253,0,0.189510935,0.322938637,0.003637908,0.328685682,0.00951235,0.145714488,0,0.157051052,0.360057972,0.002237671,0.337609594,0.012550069,0.130493641,0.011650901,0.144341719,0.375733915,0.005117019,0.329043668,0.014107478,0.1200053,0.047763645,0.16308864,0.355859682,0.004929961,0.320171434,0.014542147,0.093644491,0.05195825,0.169154242,0.360985288,0.003640354,0.321131214,0.013237887,0.079892766,0.051818598,0.171597221,0.38519042,0.004272262,0.301154665,0.013167168,0.072799666
Springtree Park ,N,NA,Manicured,0,0.613924051,0.386075949,0,0,0,0,0,0.312595614,0.334013259,0,0.353391127,0,0,0,0.331124984,0.102560836,0,0.554720347,0.011084215,0.000509619,0,0.292387047,0.071894801,0.003725284,0.603559716,0.01779858,0.010634572,0,0.291507431,0.060169851,0.017282378,0.606185421,0.015711253,0.009143666,0,0.246671657,0.10712807,0.012278243,0.614955251,0.012047329,0.006919451,0,0.261949049,0.144468962,0.018080916,0.561206549,0.008806038,0.005488485,0,0.306156176,0.141921876,0.013617479,0.518394921,0.008507386,0.011402162,0.000340599,0.307823107,0.171677279,0.013902142,0.469519028,0.009687559,0.027050286,0.000437949,0.29025843,0.205885632,0.011601658,0.434253954,0.009475616,0.048086762
Springtree Park ,N,NA,Natural,0,0.176656151,0.823343849,0,0,0,0,0,0.282208589,0.29805726,0,0.419734151,0,0,0,0.313790466,0.103874586,0,0.571883762,0.010451185,0,0,0.294119521,0.06638634,0.004204893,0.609327217,0.015322375,0.010639653,0,0.292423985,0.058037484,0.015259612,0.609520978,0.015585188,0.009172754,0,0.248343844,0.110221989,0.012715778,0.609752214,0.012046946,0.006919231,0,0.261954029,0.146312624,0.018413944,0.558442485,0.008745732,0.006131186,0,0.305425396,0.14131158,0.013618347,0.518544734,0.009254672,0.011845272,0.000486227,0.307116076,0.173583051,0.013637758,0.467204377,0.009966354,0.028006157,0.000437978,0.285952045,0.209926977,0.011602443,0.433112752,0.009370745,0.04959706
Green Acres Park ,Y,GA,Manicured,0,0,0.834951456,0,0.165048544,0,0,0,0.096938776,0.635204082,0,0.267857143,0,0,0,0.101798699,0.565633372,0,0.326317132,0.004209721,0.002041077,0,0.175164107,0.459594672,0,0.290739915,0.00401504,0.070486266,0,0.248392852,0.302455326,0.042352242,0.330718473,0.0053666,0.070714508,0.001154753,0.28513634,0.263299567,0.044716807,0.337745285,0.006355122,0.061592125,0.000738974,0.314629647,0.241384582,0.041805543,0.32190217,0.009927733,0.069611351,0.000513216,0.331629692,0.237796073,0.029062195,0.329920151,0.009082157,0.061996517,0.001612236,0.343198313,0.230929454,0.021947217,0.341640685,0.009426382,0.051245713,0.00668911,0.350212718,0.219717345,0.016937781,0.343810284,0.013451879,0.049180883
Green Acres Park,N,NA,Natural,0,0.09148265,0.782334385,0,0.126182965,0,0,0,0.084349593,0.615345528,0,0.300304878,0,0,0,0.107615894,0.527763627,0,0.352521651,0.004202751,0.007896077,0,0.155808177,0.47216915,0,0.284422367,0.003980385,0.083619921,0,0.235676272,0.307846912,0.033289928,0.341080224,0.005279398,0.076827266,0.001154551,0.276017199,0.266884306,0.04337925,0.336260849,0.005947926,0.07035592,0.000738955,0.306207733,0.245496196,0.041789189,0.322113106,0.010778553,0.072876268,0.000870599,0.326662278,0.243109526,0.029186308,0.329313005,0.009279314,0.06157897,0.001120654,0.340140459,0.235498457,0.02195805,0.339789442,0.009396849,0.05209609,0.006013855,0.349609826,0.221405821,0.016936736,0.34359398,0.012670701,0.049769081
Duval Park,N,NA,Manicured,0,0,0.076677316,0,0.044728435,0,0.878594249,0,0.178790984,0.063012295,0,0.358606557,0,0.399590164,0,0.323762124,0.100178663,0,0.453420112,0,0.122639102,0,0.37186634,0.154620457,0.009142165,0.389035772,0.009970376,0.06536489,0,0.366737468,0.273633532,0.033800623,0.269427924,0.007943925,0.048456528,0.001226613,0.351854654,0.305370811,0.020764801,0.257070944,0.006539279,0.057172897,0.007691563,0.333086972,0.323494182,0.015816381,0.261778183,0.004541539,0.05359118,0.011134943,0.341810189,0.326548309,0.016691796,0.245726178,0.004919762,0.053168822,0.015058612,0.348586971,0.329274191,0.026063282,0.220652479,0.007728232,0.052636232,0.019586373,0.337863935,0.345877266,0.03110367,0.20508752,0.00937709,0.051104147
Reserve Park,Y,RP,Manicured,0,0.662460568,0,0,0.337539432,0,0,0,0.436799185,0,0,0.563200815,0,0,0,0.425385498,0.025997196,0.046896903,0.501720403,0,0,0,0.420412194,0.009046603,0.047494664,0.522568726,0.000477814,0,0,0.512201682,0.01957648,0.031325199,0.427978937,0.002930102,0.0059876,0,0.545397361,0.047877635,0.017620689,0.371244755,0.003798043,0.014061517,0.000239542,0.522812525,0.092641483,0.015712917,0.336433785,0.006406467,0.025753282,0.006625188,0.477509042,0.152386413,0.016467416,0.300302947,0.010872104,0.03583689,0.007267442,0.432429692,0.210370991,0.018510525,0.277972501,0.009160357,0.044288493,0.0057516,0.399864621,0.249713814,0.025674156,0.263166068,0.009042495,0.046787247
Dudley Farm State Park ,N,NA,Natural,0,0,0.932475884,0,0.067524116,0,0,0.20255102,0.048469388,0.570408163,0.120918367,0.057653061,0,0,0.251019888,0.073941866,0.524477307,0.03391127,0.116649669,0,0,0.367445121,0.051932329,0.515022143,0.008474846,0.057125562,0,0,0.277179222,0.043492419,0.633584868,0.003765945,0.041977546,0,0,0.245644072,0.040294324,0.666759572,0.002118239,0.045183793,0,0,0.241436777,0.043120627,0.671114124,0.002028367,0.042300107,0,0,0.250269867,0.054104273,0.658039193,0.001408615,0.033559018,0.002619033,0,0.282832091,0.053271378,0.610341725,0.001034901,0.033239031,0.019145661,0.000135213,0.296780872,0.058079672,0.583301149,0.000792339,0.036027553,0.024781509,0.000236905
Dudley Farm State Park ,Y,DF,Manicured,0,0.094936709,0.424050633,0.107594937,0.373417722,0,0,0.119083969,0.064122137,0.44173028,0.084478372,0.290585242,0,0,0.399057445,0.093363903,0.341867278,0.033881034,0.13183034,0,0,0.386638645,0.054165075,0.491083938,0.008470259,0.059642084,0,0,0.253164019,0.041365837,0.658724766,0.003765679,0.042979699,0,0,0.238622249,0.041529985,0.672457722,0.002117902,0.045272142,0,0,0.246626305,0.041050024,0.667364848,0.002028294,0.042930528,0,0,0.258592744,0.050059456,0.655040982,0.00140853,0.034254187,0.000644102,0,0.285899633,0.05273435,0.612224947,0.001034823,0.035397172,0.012573874,0.000135203,0.297328396,0.05548057,0.587593566,0.000792324,0.03632545,0.022242793,0.000236901
Dudley Farm State Park ,N,NA,Manicured,0.14556962,0,0.006329114,0,0.848101266,0,0,0.455882353,0.014705882,0.242393509,0,0.287018256,0,0,0.412550916,0.042897149,0.378946029,0.020621181,0.144984725,0,0,0.293548182,0.044869754,0.59817846,0.008470798,0.054932807,0,0,0.214608253,0.038290042,0.703899781,0.003765305,0.03943662,0,0,0.229493968,0.039550902,0.690719433,0.002118087,0.03811761,0,0,0.23324144,0.044159537,0.677792329,0.002028098,0.042778596,0,0,0.248551722,0.051143582,0.65989801,0.001408466,0.037522516,0.001475704,0,0.261433133,0.052763506,0.633726312,0.001034884,0.038132112,0.012774842,0.000135211,0.274967105,0.05632914,0.6075075,0.000792275,0.036779065,0.023521402,0.000103513